point_id,ref_jhum,ref_confidence,ref_landcover,notes,pre_wide_cs06_p25,post_wide_cs06_p25,dnbr_wide_cs06_p25,pre_narrow_cs06_p25,post_narrow_cs06_p25,dnbr_narrow_cs06_p25,pre_wide_cs40_p25,post_wide_cs40_p25,dnbr_wide_cs40_p25,pre_narrow_cs40_p25,post_narrow_cs40_p25,dnbr_narrow_cs40_p25,pre_wide_cs06_p10,post_wide_cs06_p10,dnbr_wide_cs06_p10,pre_narrow_cs06_p10,post_narrow_cs06_p10,dnbr_narrow_cs06_p10,pre_wide_cs_p25,post_wide_cs_p25,dnbr_wide_cs_p25,pre_narrow_cs_p25,post_narrow_cs_p25,dnbr_narrow_cs_p25,n_pre_wide,n_post_wide
Y2025_0001,0,wrc,,,0.3010304,0.1536004,0.14743,0.24947248,-0.014038077,0.26351056,0.3010304,0.1536004,0.14743,0.24947248,-0.014038077,0.26351056,0.27268055,-0.0013402201,0.27402076,0.2251161,-0.09199669,0.3171128,0.3010304,0.14761668,0.15341371,0.24947248,-0.014038077,0.26351056,22.0,33.0
Y2025_0043,1,l,jhum,,0.19701868,0.027956981,0.1690617,0.08358512,-0.08625979,0.16984491,0.18477459,0.027956981,0.15681762,0.1300899,-0.07327592,0.2033658,0.08358512,-0.060292043,0.14387716,0.058948986,-0.14177695,0.20072594,0.20926277,0.09837299,0.110889785,0.097404025,-0.10103449,0.19843853,30.0,34.0
Y2025_0085,0,bareland,maybe forest fire happen,,0.47802904,-0.0013808162,0.47940987,0.42669407,-0.076077335,0.5027714,0.47098568,0.06983709,0.4011486,0.43090567,-0.07286098,0.50376666,0.43090567,-0.07281258,0.50371826,0.41209373,-0.098760456,0.5108542,0.47314867,-0.011024949,0.48417363,0.42669407,-0.07924529,0.50593936,62.0,66.0
Y2025_0021,0,h,bareland,surrounded by forest,0.37159246,0.25999156,0.111600906,0.25903755,0.09895053,0.16008702,0.38705152,0.24810812,0.1389434,0.25903755,0.09895053,0.16008702,0.25903755,0.11111112,0.14792643,0.23671119,0.09025703,0.14645416,0.3961668,0.25999156,0.13617525,0.31310526,0.09895053,0.21415472,30.0,31.0
Y2025_0130,0,h,bareland,"Accidentally burned area, it may recover after july ",0.12230216,0.13464886,-0.0123467,0.078722164,-0.15132602,0.23004818,0.12230216,0.14260459,-0.02030243,0.078722164,-0.08885401,0.16757616,0.078722164,-0.08885401,0.16757616,0.038988914,-0.16523041,0.20421933,0.12230216,0.14260459,-0.02030243,0.10236218,-0.15132602,0.2536882,26.0,30.0
Y2025_0232,0,h,bareland,expose soil @ may,0.63745236,0.6327064,0.0047459602,0.60130864,-0.10844658,0.70975524,0.63745236,0.60824746,0.029204905,0.60130864,-0.10844658,0.70975524,0.60130864,-0.077974305,0.67928296,0.58984005,-0.12787072,0.7177108,0.63745236,0.6327064,0.0047459602,0.60130864,-0.10844658,0.70975524,27.0,29.0
Y2025_0252,0,h,bareland,can be forest fire affected region,0.33397636,0.41291323,-0.078936875,0.17968562,-0.27212897,0.4518146,0.33755168,0.38293442,-0.045382738,0.18227288,-0.25535166,0.43762454,0.17968562,-0.25535166,0.43503729,0.1431214,-0.380647,0.5237684,0.3489484,0.4251471,-0.0761987,0.18486014,-0.30723286,0.492093,64.0,62.0
Y2025_0144,0,h,baresoil,accidentally burned area,0.20599253,0.0492136,0.15677893,-0.054989837,-0.034624156,-0.020365681,0.26301885,0.05348716,0.2095317,-0.054989837,-0.0105689345,-0.0444209,-0.054989837,-0.0105689345,-0.0444209,-0.08826659,-0.07923586,-0.0090307295,0.20599253,0.051350378,0.15464216,-0.054989837,-0.045201316,-0.009788521,29.0,35.0
Y2025_0129,0,h,fallow,2nd year fallow,0.34898114,0.31458968,0.034391463,0.32210422,-0.13097073,0.45307493,0.34898114,0.18647663,0.16250451,0.30386284,-0.13097073,0.4348336,0.32210422,-0.11391841,0.43602264,0.1642151,-0.14981818,0.31403327,0.3622912,0.33845806,0.023833126,0.3129835,-0.13097073,0.44395423,25.0,36.0
Y2025_0033,0,h,forest,nearby area is jhum,0.34128782,0.35433072,-0.013042897,0.31063586,0.29076397,0.01987189,0.35256806,0.35547042,-0.0029023588,0.3135436,0.29076397,0.022779614,0.3077281,0.29339164,0.014336467,0.27953267,0.28172258,-0.0021899045,0.35256806,0.3452363,0.0073317587,0.32584867,0.29076397,0.035084695,29.0,34.0
Y2025_0038,0,h,forest,surrounded by bareland,0.526784,0.42249122,0.10429278,0.47675258,0.35021496,0.12653762,0.5178754,0.42249122,0.09538415,0.47675258,0.35021496,0.12653762,0.47675258,0.36549866,0.11125392,0.46744454,0.34923792,0.11820662,0.526784,0.42249122,0.10429278,0.47675258,0.35021496,0.12653762,31.0,32.0
Y2025_0299,0,h,forest,"dry-season leaf-off around, nearby jhum",0.44296923,-0.009339569,0.4523088,0.33437073,-0.08894879,0.42331952,0.44577345,0.021646,0.42412746,0.33437073,-0.08894879,0.42331952,0.33437073,-0.07626759,0.41063833,0.3088981,-0.13712735,0.44602543,0.44296923,0.46036586,-0.017396629,0.33437073,-0.122884035,0.45725477,28.0,32.0
Y2025_0305,0,h,forest,nearby settlement,0.42269588,0.4112043,0.011491567,0.35058823,0.37467268,-0.024084449,0.42043054,0.40974244,0.010688096,0.35193095,0.37467268,-0.022741735,0.35058823,0.37389034,-0.023302108,0.27979273,0.35654002,-0.0767473,0.4284235,0.4110092,0.017414302,0.3442667,0.37389034,-0.029623628,58.0,68.0
Y2025_0320,0,h,forest,nearby khum,0.50501114,0.4007239,0.10428724,0.44494224,0.33957845,0.105363786,0.50501114,0.41739175,0.087619394,0.44494224,0.33957845,0.105363786,0.44494224,0.34018466,0.10475758,0.4308705,0.31210655,0.11876395,0.50501114,0.4007239,0.10428724,0.44494224,0.33957845,0.105363786,27.0,32.0
Y2025_0026,1,h,jhum,unmetalled road,0.46110487,0.19711725,0.2639876,0.42201245,0.0913612,0.33065125,0.46027038,0.19711725,0.26315314,0.42201245,0.0913612,0.33065125,0.42201245,0.09540951,0.32660294,0.3677277,0.07654682,0.29118088,0.48602816,0.36671,0.11931816,0.43464014,0.081929855,0.35271028,31.0,35.0
Y2025_0041,1,h,jhum,cleared_2024_11,0.3740039,-0.19730185,0.57130575,0.29892474,-0.24295774,0.5418825,0.3740039,-0.19730185,0.57130575,0.29892474,-0.24295774,0.5418825,0.29892474,-0.24295774,0.5418825,0.2825927,-0.25311208,0.5357048,0.36702654,-0.1994203,0.56644684,0.29892474,-0.24295774,0.5418825,28.0,30.0
Y2025_0079,1,h,jhum,2025_f02_cleared,0.50689733,0.26819757,0.23869976,0.5017809,-0.05662639,0.5584073,0.50689733,0.2629969,0.24390042,0.5032258,-0.05622358,0.5594494,0.4959355,0.035875816,0.46005967,0.49009007,-0.09495192,0.585042,0.5131707,0.28068343,0.23248729,0.5046707,-0.057029206,0.56169987,31.0,32.0
Y2025_0115,1,h,jhum,island jhum,0.4785601,0.20665744,0.27190265,0.44079885,0.13922788,0.30157095,0.4785601,0.20665744,0.27190265,0.44079885,0.13922788,0.30157095,0.44079885,0.13973881,0.30106002,0.40833062,0.13137174,0.27695888,0.48442644,0.20665744,0.277769,0.44079885,0.13922788,0.30157095,26.0,31.0
Y2025_0206,1,h,jhum,2024_08_cleared,0.24168515,-0.05287814,0.2945633,-0.04406018,-0.19652778,0.1524676,0.25515005,-0.032400895,0.28755096,-0.04406018,-0.17083333,0.12677315,-0.030936647,-0.17083333,0.13989669,-0.08301262,-0.23523262,0.15222001,0.24168515,-0.07335539,0.31504053,-0.04406018,-0.22222222,0.17816204,24.0,34.0
Y2025_0382,1,h,jhum,2024_11-cleared,0.55842227,-0.19834942,0.7567717,0.5363187,-0.2432583,0.779577,0.55842227,-0.19455495,0.75297725,0.5363187,-0.2432583,0.779577,0.5363187,-0.24016438,0.7764831,0.5342576,-0.28036568,0.81462324,0.5652857,-0.19455495,0.7598406,0.5363187,-0.261812,0.79813075,28.0,33.0
Y2025_0072,0,h,ummetalled road,nearby forest cover,0.21760096,0.21652268,0.0010782778,0.18828474,0.1746641,0.013620645,0.21760096,0.21652268,0.0010782778,0.18828474,0.1746641,0.013620645,0.19563898,0.1746641,0.02097489,0.17813957,0.1558917,0.022247866,0.2450306,0.20941637,0.035614222,0.19563898,0.1746641,0.02097489,31.0,30.0
Y2025_0018,0,h,bamboo,,0.4492271,0.38267305,0.06655404,0.39728096,0.31988043,0.077400535,0.4492271,0.38267305,0.06655404,0.39728096,0.31988043,0.077400535,0.39728096,0.3199599,0.07732105,0.39673248,0.3011816,0.095550865,0.45,0.37610543,0.07389456,0.39728096,0.31988043,0.077400535,30.0,34.0
Y2025_0019,0,h,bamboo,,0.5276089,0.52874905,-0.0011401772,0.50517946,0.5050078,1.7166138E-4,0.52585477,0.5413926,-0.015537858,0.50517946,0.5050078,1.7166138E-4,0.49586776,0.5050078,-0.009140044,0.49440664,0.46753514,0.026871502,0.5295139,0.53507084,-0.005556941,0.50517946,0.48840752,0.016771942,28.0,33.0
Y2025_0084,0,h,bamboo,,0.5060669,0.53618574,-0.030118823,0.46536508,0.47112003,-0.0057549477,0.50240475,0.53618574,-0.033780992,0.45859605,0.47112003,-0.012523979,0.4721341,0.4831873,-0.011053175,0.4468743,0.46704733,-0.020173043,0.50557786,0.5445458,-0.038967967,0.45859605,0.47112003,-0.012523979,26.0,29.0
Y2025_0146,0,h,bamboo,,0.5293406,0.5491239,-0.019783258,0.49860248,0.4945534,0.0040490925,0.5123221,0.5420462,-0.029724061,0.49860248,0.4945534,0.0040490925,0.49860248,0.4954296,0.0031728745,0.492827,0.45690948,0.03591752,0.55230397,0.56775135,-0.015447378,0.49571472,0.52417886,-0.028464139,27.0,29.0
Y2025_0210,0,h,bamboo,,0.558467,0.532767,0.025699973,0.50074685,0.4998234,9.2345476E-4,0.5489838,0.5171189,0.03186494,0.49015898,0.48460385,0.005555123,0.50074685,0.4998234,9.2345476E-4,0.480194,0.48460385,-0.0044098496,0.558467,0.5675676,-0.009100616,0.49015898,0.50531566,-0.015156686,28.0,32.0
Y2025_0214,0,h,bamboo,,0.5638394,0.47671202,0.08712736,0.5460084,0.4088789,0.13712952,0.56262165,0.47621226,0.08640939,0.5498237,0.41668513,0.13313857,0.53256667,0.42125463,0.11131203,0.5126249,0.3972526,0.11537233,0.56393385,0.47749856,0.08643529,0.5498237,0.42582417,0.123999536,53.0,62.0
Y2025_0242,0,h,bamboo,,0.43346193,0.35317558,0.080286354,0.37347597,0.29989284,0.073583126,0.43346193,0.36516407,0.06829786,0.37347597,0.29989284,0.073583126,0.37347597,0.29989284,0.073583126,0.35816887,0.2766825,0.081486374,0.43346193,0.35317558,0.080286354,0.37200743,0.29989284,0.07211459,31.0,36.0
Y2025_0010,0,h,bareland,,0.39216313,0.3426671,0.049496025,0.3780488,0.2915067,0.0865421,0.39216313,0.3426671,0.049496025,0.3780488,0.2915067,0.0865421,0.3780488,0.30568787,0.07236093,0.37338406,0.2771005,0.096283555,0.39216313,0.34817812,0.04398501,0.38077164,0.2771005,0.10367113,30.0,35.0
Y2025_0060,0,h,bareland,,0.4629673,0.48466325,-0.021695942,0.42326224,0.048294142,0.3749681,0.46264747,0.48466325,-0.02201578,0.42326224,0.048294142,0.3749681,0.427571,0.06166986,0.36590114,0.4043068,0.014925394,0.3893814,0.46328717,0.48396295,-0.020675778,0.4318798,0.048294142,0.38358563,62.0,60.0
Y2025_0070,0,h,bareland,,0.46285716,0.48023504,-0.017377883,0.43130368,0.43672588,-0.0054222047,0.46285716,0.48023504,-0.017377883,0.43130368,0.44559383,-0.014290154,0.43130368,0.45446178,-0.023158103,0.4229467,0.43062228,-0.007675588,0.4704108,0.48300964,-0.012598842,0.42845127,0.44923297,-0.020781696,25.0,34.0
Y2025_0091,0,h,bareland,,0.3632847,0.3870828,-0.023798078,0.35055166,0.30921236,0.041339308,0.36259544,0.3870828,-0.024487346,0.34679776,0.31598055,0.03081721,0.35055166,0.32274872,0.027802944,0.33112583,0.30862832,0.022497505,0.363974,0.3857296,-0.021755606,0.35055166,0.30921236,0.041339308,26.0,30.0
Y2025_0092,0,h,bareland,,0.35466942,0.29836515,0.056304276,0.32954842,0.17676933,0.15277909,0.35466942,0.3047487,0.049920708,0.32954842,0.17676933,0.15277909,0.32954842,0.19681807,0.13273035,0.31057155,0.15066932,0.15990223,0.3516573,0.29836515,0.053292155,0.32954842,0.15672058,0.17282784,22.0,33.0
Y2025_0098,0,h,bareland,,0.4493814,0.42837265,0.02100876,0.4145317,0.39973888,0.01479283,0.44842806,0.42885974,0.019568324,0.4145317,0.40044856,0.014083147,0.4145317,0.40166607,0.012865633,0.40797547,0.39716178,0.010813683,0.47608906,0.43037134,0.045717716,0.4140656,0.39897624,0.015089363,56.0,62.0
Y2025_0100,0,h,bareland,,0.5114411,0.49575636,0.015684754,0.48797518,0.43979058,0.048184603,0.5128205,0.48143008,0.0313904,0.48797518,0.4363414,0.051633775,0.48797518,0.44905058,0.038924605,0.47961453,0.405458,0.07415652,0.5100617,0.4845815,0.025480181,0.48797518,0.4265543,0.061420888,25.0,35.0
Y2025_0102,0,h,bareland,,0.409142,0.39859694,0.010545045,0.37985864,0.32636133,0.053497314,0.40213645,0.40387887,-0.0017424226,0.37046096,0.32636133,0.04409963,0.37985864,0.32636133,0.053497314,0.36428702,0.28592375,0.07836327,0.409142,0.39859694,0.010545045,0.385306,0.32636133,0.058944672,26.0,30.0
Y2025_0113,0,h,bareland,,0.19373007,0.13899614,0.054733932,0.103670485,0.07448833,0.029182158,0.19884226,0.13899614,0.059846118,0.103670485,0.08067355,0.022996932,0.11016694,0.08067355,0.029493384,0.09134487,0.050778244,0.040566627,0.1886179,0.13754705,0.051070854,0.09717404,0.06830309,0.028870948,33.0,35.0
Y2025_0268,0,h,bareland,,0.53742224,0.3188692,0.21855304,0.5122872,0.21945433,0.29283285,0.5316753,0.3188692,0.21280608,0.5122872,0.21571814,0.29656905,0.5239887,0.21945433,0.30453438,0.48607942,0.20861128,0.27746814,0.5363107,0.49499184,0.041318834,0.5122872,0.21571814,0.29656905,26.0,38.0
Y2025_0275,0,h,bareland,,0.23669825,0.40564176,-0.16894351,0.11686989,0.34876424,-0.23189434,0.23861387,0.40564176,-0.16702789,0.13622366,0.34886023,-0.21263658,0.11686989,0.3499268,-0.2330569,0.10509426,0.3177704,-0.21267614,0.23478262,0.397028,-0.16224538,0.11686989,0.34866828,-0.23179838,31.0,31.0
Y2025_0044,0,h,bareland/forest mix,,0.4876492,0.4680695,0.019579709,0.45892233,0.41006452,0.048857808,0.47550574,0.4680695,0.0074362457,0.44836375,0.41006452,0.038299233,0.46840444,0.41006452,0.058339924,0.42190754,0.3908948,0.031012744,0.4876492,0.45704633,0.030602872,0.45892233,0.3926157,0.06630662,35.0,36.0
Y2025_0047,0,h,bareland/forest mix,,0.56925607,0.5063934,0.062862694,0.5450869,0.42051753,0.124569386,0.5672476,0.5063934,0.060854256,0.5351351,0.42051753,0.11461756,0.5515016,0.42230207,0.1291995,0.48754448,0.3889079,0.09863657,0.56925607,0.53283143,0.036424637,0.5288086,0.4073638,0.12144479,24.0,31.0
Y2025_0133,0,h,baresoil,,0.33218688,0.29099357,0.041193306,0.31130147,-0.2103771,0.52167857,0.3390919,0.26812193,0.07096997,0.31164303,-0.16029291,0.47193593,0.31164303,-0.16029291,0.47193593,0.28154635,-0.29789865,0.579445,0.3318943,0.29087922,0.04101509,0.31130147,-0.2110016,0.5223031,62.0,62.0
Y2025_0204,0,h,baresoil,,0.283319,0.15730335,0.12601565,0.2733945,0.056503627,0.21689087,0.283319,0.15730335,0.12601565,0.2733945,0.056503627,0.21689087,0.25594842,0.056503627,0.1994448,0.25594842,-0.013479542,0.26942796,0.27935222,0.177121,0.10223122,0.2733945,0.017127795,0.2562667,26.0,35.0
Y2025_0006,0,h,early fallow,,0.28053582,0.13520633,0.14532949,0.07693772,-0.07072563,0.14766335,0.32117307,0.18834282,0.13283025,0.07693772,-0.07072563,0.14766335,0.059094407,-0.07072563,0.12982003,0.019118862,-0.16987866,0.18899752,0.39067453,0.2414793,0.14919522,0.09478103,-0.08386755,0.17864859,28.0,32.0
Y2025_0024,0,h,fallow,,0.48315865,0.5244006,-0.041241944,0.4671482,0.44155154,0.025596678,0.48106915,0.49861035,-0.0175412,0.46580967,0.4335895,0.032220185,0.46762976,0.4584645,0.009165257,0.44657508,0.37390384,0.072671235,0.4793173,0.5244006,-0.045083284,0.46580967,0.44155154,0.024258137,56.0,63.0
Y2025_0029,0,h,fallow,,0.13405107,0.106927015,0.027124055,-0.053082768,0.002623666,-0.055706434,0.113387406,0.106927015,0.006460391,-0.05230992,0.002623666,-0.054933585,-0.053082768,0.002623666,-0.055706434,-0.10943833,-0.027130846,-0.08230749,0.14251877,0.099634856,0.042883918,-0.081260554,5.3591473E-4,-0.08179647,24.0,31.0
Y2025_0106,0,h,fallow,,0.26302782,0.42039284,-0.15736502,0.24344265,0.358581,-0.11513835,0.26302782,0.41410828,-0.15108046,0.24344265,0.358581,-0.11513835,0.23262356,0.37794986,-0.1453263,0.23262356,0.3361576,-0.10353403,0.26302782,0.43233255,-0.16930473,0.24113959,0.35002497,-0.10888538,26.0,33.0
Y2025_0107,0,h,fallow,,0.38917792,0.29244623,0.09673169,-0.055102024,-0.05720826,0.0021062344,0.38917792,0.28586334,0.10331458,-0.055102024,-0.05720826,0.0021062344,-0.055102024,-0.05720826,0.0021062344,-0.09759507,-0.079733044,-0.01786203,0.4128735,0.38943252,0.023440987,0.10374935,-0.07037977,0.17412913,30.0,33.0
Y2025_0218,0,h,fallow,,0.42072567,0.18535915,0.23536652,0.3859129,0.0937843,0.2921286,0.4175124,0.19201384,0.22549854,0.39146185,0.09647338,0.29498845,0.3859129,0.09647338,0.2894395,0.37239033,0.043426093,0.32896423,0.42393893,0.18131489,0.24262404,0.39701077,0.047636483,0.3493743,27.0,32.0
Y2025_0005,0,h,forest,,0.5644911,0.5406002,0.023890913,0.52738094,0.4982285,0.029152453,0.56689596,0.5193727,0.04752326,0.52738094,0.4982285,0.029152453,0.52738094,0.4982285,0.029152453,0.51669973,0.48814693,0.0285528,0.5644911,0.5193727,0.04511839,0.52738094,0.4982285,0.029152453,29.0,31.0
Y2025_0007,0,h,forest,,0.5516332,0.55964816,-0.008014977,0.5274308,0.5125224,0.014908373,0.5510808,0.55903345,-0.0079526305,0.5274308,0.5125224,0.014908373,0.5132784,0.5125224,7.560253E-4,0.5018983,0.50587624,-0.0039779544,0.5527626,0.56074566,-0.007983029,0.5274308,0.5417455,-0.014314711,27.0,31.0
Y2025_0008,0,h,forest,,0.61728626,0.59817135,0.019114912,0.6251032,0.58329266,0.041810513,0.6145093,0.595314,0.019195259,0.6251032,0.56338614,0.061717033,0.570527,0.58254355,-0.012016535,0.60884756,0.48994017,0.11890739,0.625731,0.61387825,0.011852741,0.62093043,0.59358287,0.027347565,56.0,72.0
Y2025_0009,0,h,forest,,0.67960685,0.64810926,0.031497598,0.6394498,0.6069109,0.03253889,0.675588,0.6402439,0.035344124,0.65341496,0.5984829,0.054932058,0.6379833,0.5984829,0.039500415,0.63651687,0.5395837,0.096933186,0.67960685,0.6487406,0.030866265,0.6394498,0.61533886,0.024110913,21.0,26.0
Y2025_0012,0,h,forest,,0.4594489,0.48914617,-0.02969727,0.40555435,0.3840649,0.021489441,0.44139713,0.45944715,-0.018050015,0.4053228,0.3854164,0.019906402,0.4061868,0.39383563,0.012351155,0.38611972,0.37599996,0.010119766,0.44139713,0.48610032,-0.044703186,0.40555435,0.38003245,0.025521904,32.0,35.0
Y2025_0014,0,h,forest,,0.48423645,0.51969373,-0.035457283,0.45015556,0.45697898,-0.0068234205,0.48534817,0.5074771,-0.02212894,0.45015556,0.4607978,-0.0106422305,0.45015556,0.46503368,-0.014878124,0.41676885,0.443299,-0.026530147,0.48645988,0.51969373,-0.03323385,0.45656908,0.45697898,-4.0990114E-4,52.0,66.0
Y2025_0017,0,h,forest,,0.5915897,0.53946143,0.052128255,0.56691885,0.47710118,0.08981767,0.59145606,0.5636701,0.027785957,0.5548765,0.47710118,0.07777533,0.56691885,0.48069552,0.086223334,0.5534278,0.4626945,0.09073332,0.5990312,0.6042356,-0.0052043796,0.57686675,0.47889835,0.0979684,33.0,32.0
Y2025_0022,0,h,forest,,0.58239,0.55467033,0.027719676,0.5032366,0.49432266,0.008913934,0.5393577,0.55407345,-0.014715731,0.513067,0.49589306,0.017173946,0.5032366,0.5031977,3.886223E-5,0.48298457,0.47346407,0.009520501,0.59085006,0.5548345,0.03601557,0.53241444,0.5031977,0.029216707,60.0,74.0
Y2025_0023,0,h,forest,,0.5214291,0.5229172,-0.0014880896,0.4952681,0.46170574,0.033562362,0.52071005,0.5229172,-0.00220716,0.4863438,0.46170574,0.024638057,0.4863438,0.4774093,0.008934498,0.48108476,0.4455011,0.035583675,0.5214291,0.533159,-0.011729896,0.4952681,0.4774093,0.017858803,29.0,32.0
Y2025_0025,0,h,forest,,0.5641339,0.57327783,-0.009143949,0.5546314,0.54148036,0.01315105,0.5641339,0.56576866,-0.0016347766,0.55321246,0.54148036,0.011732101,0.55421,0.54157305,0.01263696,0.54301524,0.48159254,0.061422706,0.5785069,0.58006614,-0.0015592575,0.55321246,0.54157305,0.011639416,54.0,56.0
Y2025_0030,0,h,forest,,0.6200985,0.61237687,0.007721603,0.61478776,0.5943597,0.020428061,0.6133311,0.6094213,0.0039097667,0.59658027,0.5948605,0.0017197728,0.6133311,0.5953613,0.017969787,0.60651535,0.58822477,0.01829058,0.6200985,0.6476793,-0.027580857,0.6133311,0.5953613,0.017969787,27.0,34.0
Y2025_0035,0,h,forest,,0.5091324,0.4726322,0.036500186,0.43321553,0.3364657,0.09674984,0.47805518,0.4634012,0.014653981,0.43321553,0.35035387,0.08286166,0.43321553,0.36424208,0.06897345,0.38875008,0.3325704,0.056179672,0.5115425,0.47757122,0.03397128,0.4341346,0.36424208,0.069892526,27.0,31.0
Y2025_0036,0,h,forest,,0.5511087,0.5718376,-0.020728886,0.5207215,0.5613164,-0.040594876,0.5511087,0.5749941,-0.02388537,0.5150502,0.5622909,-0.047240734,0.52593267,0.5622909,-0.036358237,0.4986386,0.55608904,-0.057450444,0.54884994,0.5718376,-0.022987664,0.5207215,0.5603419,-0.0396204,33.0,36.0
Y2025_0037,0,h,forest,,0.6042479,0.5614319,0.042816043,0.57623035,0.5408072,0.03542316,0.5893208,0.5646067,0.024714053,0.57615894,0.541908,0.034250915,0.56634134,0.5377698,0.028571546,0.5561252,0.5193608,0.036764443,0.61205596,0.5680659,0.043990076,0.5911387,0.54300886,0.048129857,58.0,64.0
Y2025_0039,0,h,forest,,0.5174432,0.52645206,-0.009008884,0.49284995,0.4177297,0.07512024,0.51706594,0.51595396,0.0011119843,0.48404872,0.4177297,0.06631902,0.47834045,0.42881867,0.049521774,0.47524753,0.39666522,0.07858232,0.5247525,0.52645206,-0.0016995668,0.50895983,0.4177297,0.091230124,27.0,34.0
Y2025_0042,0,h,forest,,0.5669905,0.5763868,-0.009396315,0.5516866,0.54545456,0.0062320232,0.571552,0.57225144,-6.994605E-4,0.5516866,0.54545456,0.0062320232,0.54374635,0.54138637,0.0023599863,0.5435262,0.50359917,0.039927006,0.571552,0.5763868,-0.0048348308,0.5516866,0.54545456,0.0062320232,25.0,30.0
Y2025_0045,0,h,forest,,0.6277551,0.64570576,-0.017950654,0.62520915,0.6179677,0.007241428,0.6279474,0.62985337,-0.0019059777,0.61216396,0.6163272,-0.004163265,0.57220984,0.6179677,-0.04575789,0.54199684,0.61171997,-0.06972313,0.6288927,0.64570576,-0.01681304,0.62664014,0.6179677,0.008672416,66.0,60.0
Y2025_0046,0,h,forest,,0.47146145,0.43410406,0.03735739,0.45026574,0.40543258,0.044833153,0.47146145,0.43410406,0.03735739,0.453484,0.40543258,0.048051417,0.45026574,0.40543258,0.044833153,0.43998265,0.38782346,0.05215919,0.48112115,0.43538272,0.04573843,0.468518,0.40235367,0.066164315,26.0,28.0
Y2025_0050,0,h,forest,,0.6051613,0.5994381,0.005723238,0.5967202,0.5672465,0.029473722,0.5978593,0.5983095,-4.5019388E-4,0.59585494,0.5672465,0.028608441,0.59585494,0.56482685,0.031028092,0.57918984,0.5305454,0.048644423,0.6051613,0.6358538,-0.030692518,0.59585494,0.57008255,0.025772393,27.0,31.0
Y2025_0051,0,h,forest,,0.51156193,0.4779253,0.03363663,0.47660685,0.44591337,0.030693471,0.49653578,0.4779253,0.018610477,0.46519116,0.44591337,0.019277781,0.47660685,0.45152354,0.025083303,0.4405046,0.4381942,0.002310425,0.52122986,0.4779253,0.043304563,0.4865713,0.45152354,0.03504777,29.0,34.0
Y2025_0052,0,h,forest,,0.4362889,0.42041782,0.015871078,0.27417025,0.29226115,-0.018090904,0.4362889,0.41355014,0.022738755,0.2854224,0.29307714,-0.0076547265,0.2854224,0.2938931,-0.008470684,0.25824815,0.25148433,0.006763816,0.44078648,0.4272855,0.0135009885,0.29667455,0.27187273,0.02480182,34.0,33.0
Y2025_0053,0,h,forest,,0.542968,0.4911707,0.05179727,0.5358454,0.45989218,0.075953215,0.5427325,0.48222086,0.06051162,0.5358454,0.45732006,0.078525335,0.5286542,0.46489632,0.0637579,0.50886726,0.4237511,0.08511618,0.54412013,0.4989527,0.045167446,0.54227656,0.45989218,0.08238438,39.0,39.0
Y2025_0055,0,h,forest,,0.53777987,0.526211,0.011568844,0.47553816,0.49309564,-0.017557472,0.53777987,0.51824045,0.019539416,0.460884,0.49234134,-0.031457335,0.47553816,0.49615481,-0.02061665,0.45083824,0.4916399,-0.040801674,0.5418269,0.5515679,-0.009741008,0.4757174,0.49615481,-0.02043742,29.0,32.0
Y2025_0057,0,h,forest,,0.6394888,0.6787865,-0.0392977,0.60865,0.5656789,0.042971134,0.6394888,0.63746816,0.002020657,0.60865,0.5656789,0.042971134,0.60865,0.5664395,0.04221052,0.57972974,0.53901994,0.040709794,0.63920885,0.6499766,-0.010767758,0.60865,0.5656789,0.042971134,24.0,29.0
Y2025_0059,0,h,forest,,0.4859919,0.44035417,0.045637727,0.46324638,0.33498323,0.12826315,0.4859919,0.4100246,0.07596728,0.46324638,0.32673267,0.13651371,0.46324638,0.3432338,0.12001258,0.41113108,0.32101715,0.09011394,0.4875258,0.48497155,0.0025542378,0.46324638,0.32673267,0.13651371,27.0,32.0
Y2025_0061,0,h,forest,,0.43355832,0.4836173,-0.05005899,0.2851032,0.40411827,-0.11901507,0.44918653,0.49652565,-0.04733911,0.2858162,0.41331485,-0.12749866,0.2858162,0.4136674,-0.12785122,0.09180457,0.39294538,-0.30114082,0.4507345,0.4836173,-0.03288281,0.21502233,0.40411827,-0.18909594,56.0,56.0
Y2025_0062,0,h,forest,,0.45894364,0.44189942,0.017044216,0.40570214,0.37431562,0.031386524,0.45894364,0.4596917,-7.480681E-4,0.40036,0.37431562,0.026044369,0.40570214,0.3871606,0.018541545,0.37771076,0.36837253,0.00933823,0.48078567,0.44189942,0.03888625,0.40036,0.37431562,0.026044369,30.0,33.0
Y2025_0063,0,h,forest,,0.4969563,0.5022625,-0.0053061843,0.46748245,0.46538633,0.0020961165,0.49061662,0.48862937,0.0019872487,0.46431327,0.4600863,0.0042269826,0.46748245,0.46560466,0.0018777847,0.4572746,0.4544256,0.0028489828,0.4969563,0.5388825,-0.041926205,0.46748245,0.4600863,0.0073961616,29.0,33.0
Y2025_0066,0,h,forest,,0.54047567,0.5253846,0.015091062,0.5214404,0.4995006,0.021939784,0.53804594,0.5253846,0.012661338,0.5156244,0.4995006,0.016123801,0.5214404,0.50262773,0.018812656,0.50980836,0.491327,0.018481374,0.54047567,0.5253846,0.015091062,0.52671754,0.4963735,0.03034404,31.0,33.0
Y2025_0068,0,h,forest,,0.3756531,0.3124869,0.0631662,0.26641655,-0.102139175,0.36855572,0.30100495,0.24942906,0.051575884,0.2760637,-0.102139175,0.3782029,0.26641655,-0.102139175,0.36855572,0.2507467,-0.10532836,0.35607505,0.37618548,0.3833808,-0.0071953237,0.29296842,-0.068270475,0.3612389,27.0,35.0
Y2025_0069,0,h,forest,,0.51954556,0.48427948,0.03526607,0.4728058,0.41361782,0.05918798,0.51954556,0.4790717,0.04047385,0.4732941,0.43131343,0.041980684,0.4732941,0.43514842,0.03814569,0.43270752,0.3903262,0.042381316,0.53474075,0.5111384,0.023602366,0.47704417,0.3920872,0.084956974,28.0,29.0
Y2025_0071,0,h,forest,,0.4663509,0.36230618,0.104044735,0.43178245,0.2797995,0.15198296,0.46504235,0.34848484,0.11655751,0.42839682,0.2791612,0.1492356,0.42839682,0.2816013,0.14679551,0.42104045,0.244392,0.17664845,0.47379032,0.36639723,0.107393086,0.44574782,0.2791612,0.16658661,50.0,55.0
Y2025_0073,0,h,forest,,0.58354366,0.59786576,-0.014322102,0.5592144,0.5524495,0.0067648888,0.5694415,0.5923881,-0.022946596,0.55467546,0.5469519,0.00772357,0.5555777,0.559322,-0.0037443042,0.5439696,0.534947,0.0090225935,0.5858217,0.60202277,-0.016201079,0.5592144,0.55664814,0.002566278,54.0,56.0
Y2025_0074,0,h,forest,,0.54056734,0.5507806,-0.010213256,0.5229537,0.50602144,0.01693225,0.5404926,0.54793805,-0.0074454546,0.5229537,0.5069882,0.015965462,0.5229537,0.50795496,0.014998734,0.5198322,0.5041685,0.015663683,0.5616629,0.5536232,0.008039713,0.5246779,0.50795496,0.016722918,28.0,34.0
Y2025_0077,0,h,forest,,0.45544556,0.46165287,-0.006207317,0.42937696,0.39181393,0.037563026,0.45416006,0.46165287,-0.0074928105,0.42937696,0.3875724,0.041804552,0.42937696,0.39181393,0.037563026,0.4094903,0.38430813,0.025182158,0.45883036,0.48481166,-0.025981307,0.45045045,0.39605543,0.05439502,27.0,34.0
Y2025_0078,0,h,forest,,0.52818215,0.51438004,0.013802111,0.4965137,0.3261767,0.17033699,0.5280665,0.48383304,0.04423347,0.4965137,0.33581135,0.16070235,0.4965137,0.34544602,0.15106767,0.48799232,0.32071364,0.16727868,0.5315747,0.5447641,-0.013189375,0.5231253,0.3261767,0.19694859,33.0,35.0
Y2025_0080,0,h,forest,,0.52540874,0.43942043,0.08598831,0.48360655,0.33732536,0.14628118,0.5134322,0.43942043,0.07401177,0.48253682,0.33732536,0.14521146,0.48398125,0.3429587,0.14102256,0.4607579,0.2891683,0.17158961,0.5257469,0.43942043,0.08632645,0.48435596,0.33732536,0.14703059,31.0,31.0
Y2025_0081,0,h,forest,,0.35813448,0.35882717,-6.926954E-4,0.31759375,0.2643853,0.05320844,0.3688213,0.37400734,-0.005186051,0.3177484,0.26471218,0.053036213,0.3177484,0.28166237,0.036086023,0.27135798,0.23766567,0.033692315,0.34744766,0.35882717,-0.01137951,0.31743908,0.2643853,0.053053766,58.0,64.0
Y2025_0082,0,h,forest,,0.42889035,0.35529175,0.07359859,0.390329,0.27529314,0.11503586,0.4186491,0.36146584,0.057183266,0.36884972,0.28168717,0.087162554,0.390329,0.28168717,0.10864183,0.37167937,0.27419353,0.09748584,0.42447987,0.3604457,0.064034164,0.38280103,0.27529314,0.107507885,28.0,37.0
Y2025_0083,0,h,forest,,0.26807228,0.34193808,-0.0738658,0.15201423,0.058689464,0.093324766,0.28613085,0.29712358,-0.010992736,0.15201423,0.058689464,0.093324766,0.15201423,0.062751815,0.08926241,0.110142976,-0.034245,0.14438798,0.26807228,0.34193808,-0.0738658,0.15201423,0.04128901,0.11072522,28.0,31.0
Y2025_0087,0,h,forest,,0.4416826,0.41784737,0.023835242,0.40736243,0.30007207,0.10729036,0.4416826,0.41813666,0.02354595,0.40736243,0.30007207,0.10729036,0.40736243,0.30436954,0.10299289,0.39692092,0.2806846,0.11623633,0.4416826,0.41799203,0.023690581,0.42471117,0.2957746,0.12893656,27.0,33.0
Y2025_0088,0,h,forest,,0.44908327,0.46805817,-0.0189749,0.38826236,0.36168224,0.026580125,0.44908327,0.46504945,-0.015966177,0.38826236,0.36696762,0.021294743,0.39277333,0.36696762,0.025805712,0.37985235,0.3528002,0.027052164,0.44908327,0.4438315,0.0052517653,0.3863216,0.3587103,0.027611315,58.0,66.0
Y2025_0089,0,h,forest,,0.20784087,0.0902104,0.117630474,0.07286042,-0.0033822025,0.076242626,0.20784087,0.0902104,0.117630474,0.14390373,-0.0033822025,0.14728594,0.07286042,-0.0033822025,0.076242626,-0.06800445,-0.05094558,-0.017058872,0.20784087,0.0902104,0.117630474,0.07286042,-0.0033822025,0.076242626,26.0,31.0
Y2025_0090,0,h,forest,,0.5676413,0.55850637,0.009134948,0.5271384,0.4577843,0.06935412,0.53729904,0.5569942,-0.019695163,0.5258512,0.4577843,0.068066895,0.5258512,0.48501953,0.040831655,0.5182234,0.45600355,0.06221986,0.5676413,0.5600185,0.007622838,0.5258512,0.4577843,0.068066895,31.0,29.0
Y2025_0093,0,h,forest,,0.56575143,0.56561756,1.3387203E-4,0.5356563,0.50709283,0.02856344,0.5707036,0.56561756,0.0050860643,0.5366055,0.4937775,0.042827964,0.5192752,0.5276382,-0.0083630085,0.5192752,0.48635235,0.032922834,0.5707036,0.5770878,-0.006384194,0.5366055,0.4937775,0.042827964,29.0,33.0
Y2025_0094,0,h,forest,,0.54786426,0.5256296,0.022234678,0.52635354,0.5059867,0.020366848,0.54786426,0.524487,0.02337724,0.5118561,0.5059867,0.0058693886,0.5118561,0.5059867,0.0058693886,0.511169,0.48455805,0.02661097,0.564345,0.5258031,0.038541913,0.5390939,0.50342834,0.03566557,31.0,36.0
Y2025_0099,0,h,forest,,0.4143447,0.4059151,0.008429587,0.3793586,0.33442166,0.044936925,0.4143447,0.3986577,0.015686989,0.3795771,0.32347867,0.05609843,0.37914008,0.33442166,0.044718415,0.37632686,0.32347867,0.05284819,0.42740852,0.4022864,0.025122106,0.39014316,0.33051687,0.05962628,27.0,33.0
Y2025_0103,0,h,forest,,0.52523977,0.50128424,0.023955524,0.3234818,0.50128424,-0.17780244,0.5578275,0.51383543,0.043992043,0.3234818,0.50128424,-0.17780244,0.3234818,0.35929933,-0.035817534,0.30243334,0.30494556,-0.0025122166,0.49265206,0.50128424,-0.008632183,0.3234818,0.4389968,-0.11551499,29.0,33.0
Y2025_0105,0,h,forest,,0.5795482,0.52488685,0.054661334,0.53345317,0.48307803,0.050375134,0.5688776,0.52013886,0.048738718,0.5247419,0.48149338,0.043248504,0.5247419,0.48307803,0.041663855,0.5070446,0.47430035,0.03274426,0.5688776,0.5284165,0.040461063,0.5247419,0.48482028,0.03992161,25.0,31.0
Y2025_0108,0,h,forest,,0.5420267,0.545548,-0.0035213232,0.519343,0.47608697,0.043256044,0.5420267,0.5460059,-0.003979206,0.519343,0.47608697,0.043256044,0.519343,0.47608697,0.043256044,0.5055701,0.44663307,0.058937043,0.5465263,0.52558136,0.020944953,0.519343,0.47082186,0.04852116,31.0,32.0
Y2025_0110,0,h,forest,,0.5947086,0.5562759,0.038432717,0.52597624,0.46277437,0.063201874,0.5928523,0.5594288,0.033423483,0.52597624,0.46277437,0.063201874,0.52961946,0.4801352,0.049484253,0.51554704,0.41136408,0.10418296,0.6135957,0.5891425,0.024453223,0.5256729,0.4646739,0.060999006,56.0,62.0
Y2025_0111,0,h,forest,,0.51642686,0.49952367,0.016903192,0.5146553,0.4511919,0.06346339,0.51525694,0.49952367,0.015733272,0.51042885,0.4511919,0.059236944,0.49745125,0.4511919,0.046259344,0.49539685,0.44406253,0.05133432,0.52247924,0.5091873,0.013291955,0.51525694,0.46165526,0.053601682,34.0,35.0
Y2025_0114,0,h,forest,,0.5309495,0.5099065,0.021043003,0.4667461,0.36939982,0.097346276,0.53052515,0.5089903,0.02153486,0.4667461,0.36939982,0.097346276,0.44426668,0.40963125,0.034635425,0.44244003,0.34067416,0.10176587,0.533501,0.5039739,0.029527128,0.49957007,0.36939982,0.13017026,30.0,33.0
Y2025_0117,0,h,forest,,0.52663934,0.45689717,0.06974217,0.46001977,0.37190086,0.08811891,0.50255746,0.43315777,0.069399685,0.46001977,0.37190086,0.08811891,0.46001977,0.37190086,0.08811891,0.43651196,0.34754097,0.08897099,0.5272836,0.43315777,0.09412584,0.47453544,0.37190086,0.10263458,28.0,31.0
Y2025_0120,0,h,forest,,0.62643206,0.5999995,0.026432574,0.60118544,0.5485317,0.05265373,0.613245,0.5913838,0.021861196,0.60118544,0.53440636,0.06677908,0.60118544,0.5485317,0.05265373,0.5765498,0.52884614,0.047703683,0.62643206,0.6076423,0.018789768,0.60118544,0.53440636,0.06677908,27.0,32.0
Y2025_0121,0,h,forest,,0.43120447,0.38023973,0.050964743,0.38019451,0.31490868,0.06528583,0.42756182,0.38374647,0.043815345,0.37992734,0.34528202,0.03464532,0.38019451,0.34528202,0.034912497,0.3739615,0.3033483,0.070613205,0.42756182,0.37673298,0.050828844,0.38019451,0.31490868,0.06528583,29.0,30.0
Y2025_0123,0,h,forest,,0.6318208,0.6036126,0.028208196,0.6294655,0.56053406,0.06893146,0.6318208,0.60152817,0.03029263,0.6294655,0.55119103,0.07827449,0.6219572,0.56104654,0.060910642,0.5992469,0.54184794,0.057398975,0.6323305,0.5994437,0.032886803,0.6294655,0.55119103,0.07827449,30.0,32.0
Y2025_0124,0,h,forest,,0.47344896,0.44789472,0.02555424,0.4192854,0.3613874,0.057897985,0.46331057,0.4389298,0.024380773,0.4192854,0.3613874,0.057897985,0.4192854,0.3613874,0.057897985,0.41800645,0.3402862,0.077720255,0.48358735,0.42996487,0.053622484,0.43472815,0.3507203,0.08400786,31.0,36.0
Y2025_0125,0,h,forest,,0.5221468,0.49704504,0.02510178,0.5069813,0.4770126,0.029968709,0.5071348,0.49631104,0.010823756,0.5011166,0.46974313,0.03137344,0.5011166,0.4842821,0.016834468,0.46640122,0.43584216,0.030559063,0.52232456,0.49667805,0.025646508,0.51296604,0.4770126,0.035953432,32.0,31.0
Y2025_0126,0,h,forest,,0.5406801,0.5384941,0.0021860003,0.47170654,0.47587952,-0.004172981,0.5365017,0.536014,4.876852E-4,0.47170654,0.4850553,-0.013348758,0.47170654,0.49935767,-0.027651131,0.4672695,0.46379048,0.0034790337,0.5123235,0.5427265,-0.030403018,0.47170654,0.47587952,-0.004172981,28.0,32.0
Y2025_0128,0,h,forest,,0.53108346,0.51660967,0.014473796,0.52260965,0.4841349,0.03847474,0.53108346,0.50874484,0.022338629,0.5233816,0.4841349,0.03924668,0.5076266,0.4850432,0.022583395,0.50498086,0.46960703,0.035373837,0.54005706,0.5239314,0.016125679,0.53061223,0.4814062,0.04920602,29.0,34.0
Y2025_0131,0,h,forest,,0.5514979,0.5369273,0.014570594,0.5428733,0.49036723,0.05250609,0.5514979,0.5410405,0.0104573965,0.5428733,0.49036723,0.05250609,0.5424705,0.51016515,0.03230536,0.52924407,0.46973804,0.05950603,0.5599123,0.5601647,-2.5236607E-4,0.5502899,0.49036723,0.059922695,26.0,32.0
Y2025_0132,0,h,forest,,0.185867,0.13969085,0.04617615,0.12538253,0.08721791,0.038164616,0.19533075,0.15899159,0.036339164,0.12538253,0.08721791,0.038164616,0.13244048,0.09151196,0.04092852,0.098392785,0.073470645,0.02492214,0.20479453,0.12039012,0.08440441,0.11832458,0.08292387,0.03540071,32.0,34.0
Y2025_0135,0,h,forest,,0.48842338,0.47962382,0.008799553,0.45562145,0.41341904,0.042202413,0.4885581,0.4805599,0.007998228,0.46335313,0.41341904,0.04993409,0.46335313,0.41632476,0.047028363,0.42461964,0.40808326,0.016536385,0.4885581,0.4805599,0.007998228,0.46563232,0.41115153,0.05448079,54.0,62.0
Y2025_0136,0,h,forest,,0.486775,0.43035668,0.05641833,0.46019047,0.4085679,0.05162257,0.486775,0.43035668,0.05641833,0.46019047,0.4085679,0.05162257,0.45534173,0.4143262,0.041015536,0.43153,0.39256305,0.038966954,0.4880763,0.43735453,0.050721765,0.46305135,0.4085679,0.054483443,20.0,27.0
Y2025_0137,0,h,forest,,0.5679893,0.5393145,0.028674781,0.5066616,0.49489954,0.011762053,0.5679893,0.5332975,0.03469181,0.51082695,0.49482045,0.0160065,0.51082695,0.49489954,0.015927404,0.4856183,0.45024586,0.035372436,0.5679893,0.61597854,-0.04798925,0.5066616,0.5095785,-0.002916932,27.0,33.0
Y2025_0138,0,h,forest,,0.45169082,0.5093721,-0.057681292,0.36739227,0.41496068,-0.04756841,0.45169082,0.4984152,-0.04672438,0.36739227,0.42028278,-0.05289051,0.36739227,0.42028278,-0.05289051,0.34344548,0.3544994,-0.01105392,0.45169082,0.5159053,-0.0642145,0.37066698,0.42028278,-0.0496158,27.0,31.0
Y2025_0139,0,h,forest,,0.4595613,0.38179573,0.077765554,0.43192184,0.2767469,0.15517494,0.45477015,0.33453888,0.12023127,0.43147677,0.28115502,0.15032175,0.43192184,0.28115502,0.15076682,0.41497517,0.26897842,0.14599675,0.4705068,0.47740963,-0.0069028437,0.43562067,0.27233875,0.16328192,33.0,37.0
Y2025_0140,0,h,forest,,0.51456696,0.47443944,0.040127516,0.4437896,0.39444384,0.04934576,0.5031432,0.47193265,0.031210542,0.4437896,0.39444384,0.04934576,0.45818818,0.40089867,0.05728951,0.4180528,0.36223218,0.055820614,0.51456696,0.47805357,0.03651339,0.45818818,0.387989,0.07019916,31.0,30.0
Y2025_0141,0,h,forest,,0.3541502,0.10612991,0.24802029,0.18223031,-0.03499339,0.2172237,0.3696186,0.10612991,0.26348868,0.18223031,-0.03499339,0.2172237,0.18223031,-0.033989254,0.21621956,0.16925892,-0.07913671,0.24839562,0.3858202,0.10453554,0.28128466,0.20591745,-0.035997532,0.24191499,58.0,63.0
Y2025_0142,0,h,forest,,0.52113575,0.4539401,0.067195654,0.42547646,0.2955752,0.12990126,0.52113575,0.4539401,0.067195654,0.42547646,0.2955752,0.12990126,0.4810789,0.30997452,0.17110437,0.36801243,0.25021064,0.117801785,0.5185108,0.468254,0.05025682,0.42547646,0.2955752,0.12990126,24.0,30.0
Y2025_0143,0,h,forest,,0.6096904,0.58221626,0.027474165,0.57408863,0.5271061,0.046982527,0.607895,0.5725165,0.035378516,0.57408863,0.5344827,0.039605916,0.57408863,0.5344827,0.039605916,0.5382283,0.5180778,0.020150483,0.61258686,0.58221626,0.030370593,0.5753781,0.5271061,0.048272014,28.0,35.0
Y2025_0145,0,h,forest,,0.49867764,0.5614939,-0.06281623,0.44389996,0.4325186,0.011381358,0.49867764,0.50951684,-0.010839194,0.44389996,0.41346136,0.030438602,0.44389996,0.44949117,-0.0055912137,0.42546916,0.4231201,0.0023490489,0.49867764,0.5614939,-0.06281623,0.44389996,0.4325186,0.011381358,27.0,30.0
Y2025_0148,0,h,forest,,0.45168644,0.39711094,0.054575503,0.41532344,0.3673744,0.047949046,0.44371584,0.41015482,0.03356102,0.41306618,0.3673744,0.04569179,0.41532344,0.37016204,0.045161396,0.3966746,0.34457532,0.052099288,0.44371584,0.39711094,0.0466049,0.41090783,0.3665609,0.04434693,27.0,32.0
Y2025_0149,0,h,forest,,0.5182026,0.43283582,0.085366786,0.49075025,0.3653797,0.12537056,0.5174751,0.42953303,0.08794209,0.49075025,0.37443286,0.11631739,0.48931345,0.37443286,0.11488059,0.4829617,0.3546007,0.12836102,0.5189301,0.43358463,0.08534545,0.49075025,0.36448598,0.12626427,57.0,62.0
Y2025_0150,0,h,forest,,0.6591112,0.6708819,-0.011770725,0.6587537,0.65128607,0.0074676275,0.6591112,0.66728216,-0.008170962,0.6587537,0.64557683,0.013176858,0.64101505,0.6526564,-0.011641324,0.64101505,0.6398676,0.001147449,0.6591112,0.6814405,-0.02232927,0.6535923,0.6556938,-0.0021015406,25.0,34.0
Y2025_0151,0,h,forest,,0.59680057,0.5903668,0.006433785,0.54619366,0.5173516,0.028842032,0.5844393,0.5724563,0.011982977,0.54619366,0.51972044,0.026473224,0.54441726,0.52208924,0.02232802,0.51727635,0.51554257,0.0017337799,0.60566187,0.59403765,0.011624217,0.57873434,0.51694787,0.061786473,48.0,60.0
Y2025_0152,0,h,forest,,0.55596256,0.5440101,0.01195246,0.5419111,0.48921683,0.05269429,0.55596256,0.53606033,0.01990223,0.5419111,0.48921683,0.05269429,0.51886183,0.48921683,0.029644996,0.51886183,0.43446952,0.08439231,0.5609311,0.54509974,0.015831351,0.5419111,0.45256826,0.08934286,26.0,28.0
Y2025_0154,0,h,forest,,0.49614838,0.4187328,0.077415586,0.44887778,0.37503728,0.0738405,0.48504695,0.4187328,0.06631416,0.4483482,0.38630134,0.062046856,0.44887778,0.38630134,0.06257644,0.4483482,0.3439736,0.10437459,0.49614838,0.4514089,0.044739485,0.46905613,0.36377323,0.1052829,32.0,35.0
Y2025_0155,0,h,forest,,0.32663462,0.14041644,0.18621817,0.09133489,0.08969468,0.0016402081,0.31435966,0.13931166,0.17504801,0.09133489,0.09330454,-0.0019696504,0.10089858,0.09330454,0.0075940415,0.04285114,0.08775728,-0.044906143,0.33890954,0.1532198,0.18568973,0.09133489,0.08969468,0.0016402081,34.0,35.0
Y2025_0156,0,h,forest,,0.3644409,0.4215643,-0.057123423,0.19825707,0.20618258,-0.00792551,0.3644409,0.42927918,-0.06483829,0.19825707,0.20618258,-0.00792551,0.19825707,0.21241498,-0.014157906,0.12789428,0.124733165,0.0031611174,0.37714663,0.42332032,-0.04617369,0.1988589,0.18474923,0.014109671,30.0,33.0
Y2025_0157,0,h,forest,,0.5099682,0.50931674,6.5147877E-4,0.48902196,0.45714286,0.031879097,0.49782196,0.4987427,-9.2074275E-4,0.48902196,0.45184186,0.037180096,0.487505,0.45959857,0.027906418,0.46497732,0.44654086,0.018436462,0.52900034,0.50931674,0.0196836,0.48902196,0.45959857,0.029423386,32.0,35.0
Y2025_0158,0,h,forest,,0.48013186,0.45391995,0.026211917,0.45813555,0.42760688,0.030528665,0.47887713,0.45186147,0.027015656,0.4525262,0.42957947,0.022946745,0.46374488,0.43155208,0.032192796,0.44611079,0.42126924,0.024841547,0.48157507,0.4641919,0.017383158,0.46555576,0.43787235,0.027683407,32.0,32.0
Y2025_0159,0,h,forest,,0.382214,0.2589762,0.12323782,0.30911618,0.20089161,0.10822457,0.3795786,0.2589762,0.1206024,0.32058284,0.20089161,0.11969122,0.30911618,0.2162008,0.092915386,0.27406076,0.17421572,0.09984504,0.39994583,0.2589762,0.14096963,0.33204952,0.19741726,0.13463226,31.0,32.0
Y2025_0162,0,h,forest,,0.5109522,0.4963474,0.014604777,0.47613338,0.4741399,0.0019934773,0.5107472,0.4963474,0.014399797,0.46062398,0.47473574,-0.014111757,0.47613338,0.4753316,8.017719E-4,0.44511458,0.46412277,-0.01900819,0.5117314,0.4963474,0.015383989,0.499194,0.4741399,0.025054097,30.0,34.0
Y2025_0164,0,h,forest,,0.6563441,0.6326813,0.023662806,0.65448606,0.5908397,0.063646376,0.65448606,0.6326813,0.02180475,0.65448606,0.5908397,0.063646376,0.6280323,0.59532213,0.032710195,0.6496166,0.5886485,0.0609681,0.6582021,0.6326813,0.025520802,0.65856236,0.5908397,0.06772268,29.0,32.0
Y2025_0166,0,h,forest,,0.5859599,0.56066537,0.025294542,0.57366073,0.5089005,0.06476021,0.5859599,0.5580624,0.027897537,0.57366073,0.5089005,0.06476021,0.5576547,0.5089005,0.048754156,0.55094755,0.49593496,0.055012584,0.5859599,0.56142384,0.024536073,0.57366073,0.4992584,0.07440233,26.0,31.0
Y2025_0167,0,h,forest,,0.5420063,0.5343474,0.007658899,0.49173012,0.48474956,0.006980568,0.55040634,0.53058463,0.019821703,0.49173012,0.4830615,0.008668631,0.48901087,0.4883907,6.201565E-4,0.47973144,0.45795044,0.021780998,0.571558,0.5816962,-0.010138214,0.5167221,0.4883907,0.02833137,64.0,68.0
Y2025_0168,0,h,forest,,0.5587886,0.48378894,0.07499966,0.5548417,0.4127683,0.1420734,0.5574198,0.4587107,0.09870908,0.54635733,0.40487504,0.1414823,0.53787297,0.42253095,0.11534202,0.53787297,0.38764337,0.1502296,0.56363636,0.48378894,0.079847425,0.55605096,0.4127683,0.14328265,28.0,35.0
Y2025_0169,0,h,forest,,0.5185649,0.53457254,-0.016007662,0.49970222,0.5020731,-0.002370894,0.51832885,0.5226261,-0.0042972565,0.49970222,0.5020731,-0.002370894,0.49827927,0.5029167,-0.00463742,0.4879909,0.49582767,-0.007836789,0.5365703,0.5354541,0.0011162162,0.49778926,0.5029167,-0.00512743,60.0,62.0
Y2025_0170,0,h,forest,,0.47625658,0.4830464,-0.0067898333,0.46430305,0.39785495,0.06644809,0.47625658,0.4858874,-0.009630829,0.46557695,0.39785495,0.06772199,0.46430305,0.3992327,0.06507036,0.43945003,0.39507568,0.044374347,0.47926158,0.48872837,-0.009466797,0.46685085,0.39785495,0.06899589,27.0,32.0
Y2025_0172,0,h,forest,,0.43399015,0.4474338,-0.013443649,0.39208636,0.36897883,0.023107529,0.44225833,0.44930494,-0.00704661,0.39208636,0.36897883,0.023107529,0.39208636,0.36897883,0.023107529,0.37016317,0.35362223,0.016540945,0.44225833,0.46237054,-0.020112216,0.39803636,0.36897883,0.029057533,27.0,32.0
Y2025_0173,0,h,forest,,0.38836086,0.1401823,0.24817856,0.36408868,0.10983129,0.25425738,0.39933488,0.23075448,0.1685804,0.36408868,0.10983129,0.25425738,0.33929902,0.110537216,0.2287618,0.3162352,0.10209428,0.21414094,0.39933488,0.1401823,0.2591526,0.3524343,0.10983129,0.24260302,29.0,32.0
Y2025_0174,0,h,forest,,0.5647494,0.5199779,0.044771492,0.5616757,0.51155657,0.05011916,0.5647494,0.5169697,0.04777974,0.5616757,0.491014,0.07066172,0.53638303,0.49785098,0.03853205,0.53638303,0.48714972,0.049233317,0.5647494,0.55615515,0.0085942745,0.5616757,0.5169697,0.044706047,27.0,34.0
Y2025_0178,0,h,forest,,0.57804334,0.57866335,-6.200075E-4,0.5595216,0.5147392,0.0447824,0.57696337,0.57866335,-0.0016999841,0.5573088,0.5147392,0.042569578,0.5595216,0.5147392,0.0447824,0.5573088,0.5001691,0.057139695,0.57804334,0.57866335,-6.200075E-4,0.5595216,0.5147392,0.0447824,30.0,30.0
Y2025_0179,0,h,forest,,0.5759104,0.5410011,0.034909308,0.54474825,0.4767853,0.067962945,0.5604391,0.53144944,0.028989673,0.5445286,0.47193676,0.07259184,0.5345706,0.47828376,0.05628681,0.5001229,0.47193676,0.028186142,0.58272123,0.5410011,0.041720152,0.5445286,0.4767853,0.0677433,24.0,33.0
Y2025_0180,0,h,forest,,0.5132612,0.5078704,0.005390823,0.48034185,0.41338828,0.06695357,0.5105877,0.5078704,0.0027173162,0.48034185,0.41338828,0.06695357,0.48034185,0.45001087,0.030330986,0.46729895,0.3938277,0.07347125,0.5144893,0.5078704,0.006618917,0.49988467,0.40789372,0.09199095,32.0,33.0
Y2025_0181,0,h,forest,,0.5318757,0.55042416,-0.018548429,0.52123713,0.49640936,0.024827778,0.5272727,0.533388,-0.0061153173,0.52123713,0.49640936,0.024827778,0.51983887,0.5083612,0.011477649,0.51182693,0.47475588,0.03707105,0.5272727,0.55042416,-0.023151457,0.52123713,0.49640936,0.024827778,26.0,28.0
Y2025_0182,0,h,forest,,0.2501878,0.39498705,-0.14479923,0.15642312,0.3612015,-0.20477837,0.22607026,0.39498705,-0.16891679,0.15096773,0.35557365,-0.20460592,0.15642312,0.3681407,-0.21171758,0.12492805,0.34604955,-0.22112149,0.2501878,0.40434933,-0.15416151,0.15369543,0.3612015,-0.20750606,27.0,33.0
Y2025_0183,0,h,forest,,0.51431847,0.48185351,0.03246495,0.44696766,0.44205254,0.004915118,0.51488096,0.45334798,0.061532974,0.44696766,0.44096264,0.006005019,0.4498141,0.44205254,0.007761568,0.42891166,0.39548472,0.03342694,0.51431847,0.48756507,0.026753396,0.44696766,0.44208154,0.0048861206,54.0,62.0
Y2025_0185,0,h,forest,,0.48474067,0.39966595,0.08507472,0.42692846,0.33200368,0.09492478,0.48474067,0.41165483,0.073085845,0.42692846,0.33200368,0.09492478,0.4136014,0.33200368,0.081597716,0.39938077,0.31631964,0.08306113,0.49862438,0.42364368,0.074980706,0.44025555,0.3282905,0.11196506,34.0,32.0
Y2025_0186,0,h,forest,,0.20613809,0.112819135,0.093318954,0.006443807,-0.020647679,0.027091485,0.20613809,0.08412168,0.12201641,0.006443807,-0.015929464,0.02237327,0.006443807,-0.020647679,0.027091485,-0.02798773,-0.06858717,0.04059944,0.21518323,0.09847041,0.116712816,0.16313878,-0.020647679,0.18378645,23.0,31.0
Y2025_0188,0,h,forest,,0.60899,0.5957486,0.01324141,0.58843994,0.55041015,0.03802979,0.5788746,0.5957486,-0.016874015,0.58843994,0.55902964,0.029410303,0.56930923,0.55902964,0.010279596,0.5636427,0.52591074,0.037731946,0.6114032,0.6151507,-0.0037474632,0.60899,0.5417906,0.06719941,20.0,30.0
Y2025_0189,0,h,forest,,0.5478607,0.54497683,0.0028838515,0.50508034,0.51558936,-0.010509014,0.52936476,0.53533024,-0.0059654713,0.50508034,0.51558936,-0.010509014,0.50508034,0.51735353,-0.012273192,0.47804505,0.51095265,-0.032907605,0.5513276,0.54497683,0.0063507557,0.50508034,0.51558936,-0.010509014,27.0,31.0
Y2025_0190,0,h,forest,,0.4316013,0.37827024,0.053331047,0.37865144,0.25603595,0.12261549,0.44907585,0.35806352,0.09101233,0.37865144,0.24922588,0.12942556,0.39319333,0.27584302,0.11735031,0.35730726,0.14969243,0.20761482,0.489773,0.3614885,0.12828451,0.4059921,0.24241582,0.16357628,32.0,34.0
Y2025_0191,0,h,forest,,0.607152,0.55136865,0.05578333,0.5781293,0.5014653,0.07666397,0.5905724,0.54223967,0.04833275,0.54852515,0.5014653,0.047059834,0.5781293,0.5014653,0.07666397,0.54852515,0.48365483,0.06487033,0.6107711,0.57574123,0.03502989,0.5845465,0.5375159,0.047030628,29.0,33.0
Y2025_0192,0,h,forest,,0.60897094,0.5992479,0.009723067,0.56236696,0.5118628,0.050504148,0.6051024,0.5828125,0.022289932,0.5557656,0.5125882,0.043177426,0.56236696,0.5133136,0.04905337,0.53963387,0.4757912,0.063842684,0.6135731,0.6041313,0.009441793,0.57041043,0.5118628,0.058547616,25.0,30.0
Y2025_0193,0,h,forest,,0.5285576,0.50387377,0.024683833,0.4707096,0.4335409,0.03716868,0.5285576,0.4890731,0.0394845,0.4707096,0.43146455,0.03924504,0.47956184,0.43473357,0.044828266,0.46412885,0.4110738,0.053055048,0.53908587,0.50363195,0.035453916,0.50230783,0.4335409,0.06876692,62.0,65.0
Y2025_0194,0,h,forest,,0.45876288,0.4260204,0.03274247,0.43624362,0.37111074,0.065132886,0.45876288,0.4260204,0.03274247,0.44233415,0.37111074,0.07122341,0.43624362,0.37279797,0.06344566,0.42218995,0.3631541,0.059035838,0.46428245,0.4260204,0.03826204,0.44360906,0.37279797,0.07081109,31.0,33.0
Y2025_0195,0,h,forest,,0.40349838,0.40106773,0.0024306476,0.382063,0.37522268,0.0068403184,0.40209937,0.40106773,0.0010316372,0.37542066,0.37522268,1.9797683E-4,0.382063,0.37766302,0.004399985,0.36054423,0.36854666,-0.00800243,0.41897362,0.38907403,0.029899597,0.3787957,0.37522268,0.0035730302,32.0,32.0
Y2025_0196,0,h,forest,,0.49732623,0.49795336,-6.2713027E-4,0.48270872,0.44947982,0.033228904,0.49732623,0.49727938,4.684925E-5,0.48270872,0.44947982,0.033228904,0.48270872,0.45977882,0.022929907,0.45077723,0.43589744,0.014879793,0.5083267,0.5096007,-0.0012739897,0.48753417,0.43954042,0.04799375,31.0,34.0
Y2025_0197,0,h,forest,,0.57739556,0.5613426,0.016052961,0.5102235,0.44926798,0.060955524,0.5828862,0.5568694,0.026016831,0.5102235,0.44880047,0.061423033,0.5102235,0.44973546,0.060488045,0.50985914,0.44061914,0.069240004,0.57739556,0.56914026,0.008255303,0.5102235,0.44880047,0.061423033,28.0,29.0
Y2025_0198,0,h,forest,,0.523317,0.5940686,-0.07075161,0.48724332,0.5219372,-0.034693867,0.51732147,0.5940686,-0.07674712,0.48724332,0.5219372,-0.034693867,0.48724332,0.5436595,-0.056416184,0.48535198,0.50652343,-0.02117145,0.55058277,0.5940686,-0.04348582,0.48629767,0.5219372,-0.035639524,34.0,33.0
Y2025_0200,0,h,forest,,0.5886403,0.5547661,0.033874154,0.5751888,0.43662825,0.13856056,0.5835217,0.5057994,0.07772231,0.54479414,0.43662825,0.10816589,0.54517454,0.43662825,0.10854629,0.5410891,0.41664317,0.124445945,0.5886403,0.5547661,0.033874154,0.5751888,0.43563488,0.13955393,27.0,32.0
Y2025_0201,0,h,forest,,0.28451598,0.23633623,0.048179746,0.12338188,-0.061018504,0.18440038,0.28451598,0.23633623,0.048179746,0.12338188,-0.056109745,0.17949162,0.12338188,-0.061018504,0.18440038,-0.07213927,-0.07000569,-0.002133578,0.3520185,0.3683416,-0.01632309,0.1840288,-0.06592727,0.24995607,23.0,33.0
Y2025_0208,0,h,forest,,0.5493623,0.5497415,-3.7920475E-4,0.5173402,0.5010847,0.016255498,0.54371744,0.52577317,0.017944276,0.51726115,0.50000006,0.017261088,0.5173402,0.50406575,0.013274431,0.50954545,0.48828125,0.021264195,0.54888266,0.5393636,0.009519041,0.5183218,0.5010847,0.017237127,58.0,66.0
Y2025_0209,0,h,forest,,0.4243951,0.19956851,0.2248266,0.28207308,-0.040879894,0.322953,0.40953654,0.19956851,0.20996803,0.29743466,-0.040879894,0.33831456,0.29743466,-0.040879894,0.33831456,0.2703993,-0.11907329,0.3894726,0.4243951,0.17619106,0.24820405,0.31279624,-0.040879894,0.35367614,32.0,35.0
Y2025_0211,0,h,forest,,0.4403927,0.386761,0.053631693,0.37156624,0.28858024,0.082986,0.4354417,0.38593078,0.049510926,0.36216888,0.28858024,0.07358864,0.37156624,0.29282612,0.07874012,0.3582584,0.2667719,0.091486484,0.44373953,0.40116456,0.042574972,0.40484428,0.29070318,0.11414111,31.0,37.0
Y2025_0220,0,h,forest,,0.55813426,0.55897826,-8.4400177E-4,0.52913606,0.50265944,0.026476622,0.5410269,0.55897826,-0.01795137,0.52913606,0.50265944,0.026476622,0.5266142,0.50572443,0.020889759,0.50769234,0.47266272,0.03502962,0.56609017,0.58245087,-0.0163607,0.5278751,0.50572443,0.022150695,23.0,28.0
Y2025_0221,0,h,forest,,0.551834,0.56095386,-0.009119868,0.4825642,0.50255203,-0.019987822,0.54789495,0.56095386,-0.013058901,0.49341714,0.50255203,-0.009134889,0.4825642,0.50294363,-0.020379424,0.47651517,0.48810732,-0.01159215,0.5494786,0.56715024,-0.017671645,0.4825642,0.50255203,-0.019987822,61.0,58.0
Y2025_0222,0,h,forest,,-0.07185496,0.3152219,-0.38707685,-0.11629643,0.22640173,-0.34269816,-0.069475636,0.32690197,-0.39637762,-0.11629643,0.22887576,-0.3451722,-0.12022179,0.22887576,-0.34909755,-0.12022179,0.19372696,-0.31394875,-0.10921367,0.2623942,-0.37160787,-0.12022179,0.19372696,-0.31394875,28.0,35.0
Y2025_0224,0,h,forest,,0.5451977,0.48235828,0.06283945,0.50146055,0.43099546,0.07046509,0.5428927,0.48885778,0.05403492,0.4861141,0.44253123,0.043582886,0.50287765,0.454067,0.04881066,0.47541827,0.42069358,0.054724693,0.5463743,0.4963904,0.04998392,0.50146055,0.454067,0.04739356,52.0,68.0
Y2025_0227,0,h,forest,,0.46242708,0.43806142,0.024365664,0.45001817,0.42031455,0.029703617,0.46173832,0.43044955,0.031288773,0.44758946,0.42136633,0.026223123,0.45001817,0.42136633,0.028651834,0.4449124,0.40498012,0.03993228,0.46241674,0.4396113,0.022805452,0.45001817,0.4192628,0.03075537,52.0,58.0
Y2025_0230,0,h,forest,,0.45641232,0.38013884,0.07627347,0.43744493,0.31214315,0.12530178,0.45516366,0.38021454,0.074949116,0.43744493,0.3141295,0.123315424,0.43744493,0.3230446,0.11440033,0.41840747,0.30809575,0.11031172,0.46624473,0.38021454,0.086030185,0.45516366,0.31015676,0.1450069,31.0,32.0
Y2025_0231,0,h,forest,,0.46644202,0.47280636,-0.0063643456,0.44780618,0.45466033,-0.0068541467,0.46535304,0.47313702,-0.007783979,0.43825787,0.45466033,-0.016402453,0.4493019,0.44889617,4.0572882E-4,0.41569576,0.41874838,-0.003052622,0.49232918,0.47280636,0.019522816,0.46175116,0.45466033,0.0070908368,34.0,32.0
Y2025_0236,0,h,forest,,0.5437743,0.4222772,0.121497095,0.46294817,0.33498028,0.1279679,0.5436478,0.41009054,0.13355729,0.46294817,0.33473322,0.12821496,0.46994966,0.33690983,0.13303983,0.45137745,0.30212572,0.14925173,0.5480254,0.4124605,0.13556492,0.45594665,0.33498028,0.120966375,27.0,33.0
Y2025_0237,0,h,forest,,0.49719197,0.54956174,-0.052369773,0.46545812,0.49120694,-0.02574882,0.4845994,0.54956174,-0.06496233,0.46527213,0.49120694,-0.025934815,0.46545812,0.49782714,-0.032369018,0.4179046,0.45982265,-0.04191807,0.51627505,0.5584427,-0.042167664,0.47803047,0.49120694,-0.013176471,32.0,34.0
Y2025_0238,0,h,forest,,0.5432167,0.48352394,0.05969277,0.51779664,0.4510356,0.06676105,0.52447087,0.48352394,0.04094693,0.48355943,0.4510356,0.03252384,0.51779664,0.45629203,0.061504602,0.48355943,0.44046995,0.04308948,0.5432167,0.48827773,0.054938972,0.51779664,0.45629203,0.061504602,32.0,32.0
Y2025_0239,0,h,forest,,0.4613059,0.39871627,0.062589616,0.43209875,0.33049405,0.1016047,0.4613059,0.3934549,0.06785098,0.4355915,0.3373191,0.09827238,0.43209875,0.33049405,0.1016047,0.42337662,0.31667876,0.10669786,0.4555729,0.39871627,0.056856632,0.43209875,0.33049405,0.1016047,30.0,30.0
Y2025_0240,0,h,forest,,0.6258869,0.5993359,0.026551008,0.5991903,0.5361095,0.06308079,0.62066525,0.5993359,0.021329343,0.5983649,0.5361095,0.062255383,0.5983649,0.5401494,0.0582155,0.59753954,0.52432144,0.07321811,0.6232761,0.5993359,0.023940206,0.5991903,0.53206956,0.06712073,31.0,35.0
Y2025_0243,0,h,forest,,0.5527192,0.56437767,-0.01165849,0.55007327,0.5148778,0.03519547,0.5527192,0.564764,-0.012044847,0.55007327,0.5221876,0.027885675,0.5317989,0.52949744,0.0023014545,0.53180945,0.5113179,0.02049154,0.56265855,0.5639913,-0.0013327599,0.55007327,0.5136217,0.03645158,27.0,34.0
Y2025_0244,0,h,forest,,0.53387403,0.4586811,0.07519293,0.50300944,0.3853399,0.11766955,0.53140676,0.4586811,0.07272565,0.5017802,0.3853399,0.116440326,0.50055104,0.3853399,0.11521116,0.50055104,0.36260873,0.13794231,0.55673593,0.45206594,0.10466999,0.5067392,0.37675306,0.12998614,30.0,35.0
Y2025_0245,0,h,forest,,0.63433814,0.6164884,0.017849743,0.6251298,0.58361596,0.04151386,0.6338232,0.61320025,0.020622969,0.6246396,0.5785616,0.046077967,0.6246396,0.58361596,0.041023612,0.6232188,0.57733923,0.045879543,0.63433814,0.6164884,0.017849743,0.6275036,0.58361596,0.043887615,30.0,32.0
Y2025_0248,0,h,forest,,0.5044067,0.4952256,0.009181082,0.46385157,0.45806694,0.005784631,0.5044067,0.4952256,0.009181082,0.46385157,0.45806694,0.005784631,0.46385157,0.45806694,0.005784631,0.4593762,0.42946586,0.029910326,0.50771457,0.51637155,-0.008656979,0.47504026,0.45806694,0.016973317,29.0,35.0
Y2025_0249,0,h,forest,,0.4688539,0.47721073,-0.008356839,0.46074274,0.44388318,0.016859561,0.4688539,0.47566593,-0.006812036,0.45263156,0.4414988,0.011132777,0.44987047,0.44975567,1.14798546E-4,0.44987047,0.43911436,0.010756105,0.474029,0.47805107,-0.004022062,0.45263156,0.46789816,-0.015266597,27.0,32.0
Y2025_0251,0,h,forest,,0.59790933,0.5700199,0.02788943,0.5911383,0.53064865,0.060489655,0.5938498,0.5551562,0.038693607,0.59061974,0.52555776,0.06506199,0.57154447,0.5334382,0.038106263,0.57154447,0.51669496,0.054849505,0.6001185,0.5752026,0.024915934,0.59169596,0.53698915,0.054706812,132.0,129.0
Y2025_0256,0,h,forest,,0.5432361,0.5463949,-0.0031588078,0.5007201,0.49491608,0.0058040023,0.5400268,0.5472494,-0.007222593,0.5007201,0.49491608,0.0058040023,0.5007201,0.5021715,-0.0014514327,0.45695364,0.4744621,-0.017508447,0.5543029,0.56930304,-0.0150001645,0.5007201,0.49491608,0.0058040023,30.0,33.0
Y2025_0257,0,h,forest,,0.50060606,0.41023827,0.090367794,0.43264067,0.272,0.16064066,0.50402695,0.40384224,0.10018471,0.43264067,0.2728859,0.15975478,0.46442688,0.272,0.19242686,0.43104982,0.251473,0.17957681,0.52464914,0.41023827,0.11441088,0.43264067,0.272,0.16064066,32.0,30.0
Y2025_0259,0,h,forest,,0.5340688,0.52815574,0.005913079,0.51805115,0.5048479,0.013203263,0.533553,0.52775526,0.005797744,0.51805115,0.5048479,0.013203263,0.51764965,0.5048479,0.012801766,0.50990385,0.4743769,0.03552696,0.5363466,0.5282608,0.008085787,0.51805115,0.50876576,0.00928539,25.0,32.0
Y2025_0260,0,h,forest,,0.5533381,0.5194905,0.03384763,0.52871287,0.44784108,0.08087179,0.5528893,0.49931973,0.053569555,0.52871287,0.4426947,0.086018175,0.52871287,0.45627445,0.07243842,0.520322,0.4286457,0.091676325,0.5531137,0.5194905,0.03362322,0.52871287,0.44784108,0.08087179,30.0,33.0
Y2025_0265,0,h,forest,,0.54738384,0.5332428,0.014141023,0.5135623,0.48296073,0.03060159,0.53159195,0.52561605,0.005975902,0.49832153,0.48296073,0.015360802,0.5147634,0.48442155,0.030341864,0.49832153,0.4758856,0.022435933,0.5483638,0.54280543,0.0055583715,0.51236117,0.48242855,0.029932618,24.0,33.0
Y2025_0266,0,h,forest,,0.54615843,0.5386403,0.0075181127,0.5276032,0.5090874,0.018515825,0.540199,0.530987,0.009211957,0.5261234,0.51844424,0.0076791644,0.52627623,0.50410956,0.02216667,0.5154376,0.498452,0.016985595,0.5431787,0.54658735,-0.0034086704,0.5276032,0.5090874,0.018515825,46.0,61.0
Y2025_0269,0,h,forest,,0.49262714,0.50361127,-0.010984123,0.45655608,0.42680362,0.029752463,0.49262714,0.4986986,-0.0060714483,0.45655608,0.4236835,0.032872587,0.45655608,0.42680362,0.029752463,0.4431446,0.410596,0.032548577,0.49262714,0.50361127,-0.010984123,0.45655608,0.4236835,0.032872587,23.0,31.0
Y2025_0270,0,h,forest,,0.4460064,0.48144624,-0.03543985,0.4117789,0.4556306,-0.043851703,0.4279562,0.47853163,-0.050575435,0.4117789,0.45283422,-0.04105532,0.4136986,0.45842695,-0.04472834,0.40004617,0.44656917,-0.046523005,0.46090108,0.5025248,-0.04162371,0.4136986,0.4556306,-0.041931987,25.0,29.0
Y2025_0271,0,h,forest,,0.4332062,0.38533628,0.04786992,0.3693987,0.3201894,0.049209327,0.44194108,0.38533628,0.056604803,0.3693987,0.3201894,0.049209327,0.36978683,0.3229686,0.046818227,0.34258637,0.30139658,0.04118979,0.40365773,0.38429874,0.019358993,0.36901057,0.31938025,0.049630314,54.0,62.0
Y2025_0273,0,h,forest,,0.3976546,0.102235466,0.29541913,0.34371796,-0.016239833,0.35995778,0.3976546,0.102235466,0.29541913,0.3488048,-0.013203181,0.36200798,0.3488048,-0.013203181,0.36200798,0.3013733,-0.053444922,0.35481822,0.40624136,0.43676135,-0.030519992,0.3488048,-0.019276483,0.36808127,30.0,35.0
Y2025_0274,0,h,forest,,0.36456603,0.51426136,-0.14969534,0.26739657,0.4797407,-0.21234414,0.40251535,0.53289956,-0.1303842,0.26739657,0.4797407,-0.21234414,0.28995824,0.4797407,-0.18978247,0.25376013,0.4691654,-0.21540529,0.36456603,0.5515378,-0.18697178,0.28995824,0.4761795,-0.18622127,32.0,28.0
Y2025_0276,0,h,forest,,0.35399285,0.3516711,0.00232175,0.29254857,0.14909117,0.1434574,0.34345797,0.32882062,0.014637351,0.28923404,0.17820406,0.11102998,0.29254857,0.17820406,0.11434451,0.28591952,0.11435523,0.17156428,0.35399285,0.3516711,0.00232175,0.29296198,0.119978294,0.17298369,24.0,32.0
Y2025_0277,0,h,forest,,0.4709247,0.44679922,0.024125487,0.4381865,0.3974067,0.0407798,0.4601384,0.44518667,0.014951736,0.43063506,0.39784452,0.03279054,0.4381865,0.39784452,0.040341973,0.43063506,0.37931034,0.051324725,0.48241338,0.48593706,-0.0035236776,0.44357085,0.3974067,0.046164155,26.0,36.0
Y2025_0278,0,h,forest,,0.35098985,0.23730662,0.11368322,0.2255171,0.17120604,0.054311052,0.31999967,0.2435208,0.07647887,0.2255171,0.17876618,0.046750918,0.2255171,0.17876618,0.046750918,0.18680798,0.14356029,0.043247685,0.35098985,0.23109247,0.11989738,0.2255171,0.17120604,0.054311052,28.0,31.0
Y2025_0279,0,h,forest,,0.51968503,0.47413546,0.04554957,0.4856286,0.46006134,0.025567263,0.49849364,0.47413546,0.024358183,0.47628084,0.46006134,0.016219497,0.4856286,0.46079782,0.024830788,0.4653886,0.44502142,0.020367175,0.52305543,0.47413546,0.048919976,0.49155504,0.45932487,0.03223017,30.0,34.0
Y2025_0282,0,h,forest,,0.48174042,0.48154983,1.9058585E-4,0.46018836,0.4544795,0.0057088733,0.48174042,0.48115394,5.864799E-4,0.46018836,0.445641,0.014547348,0.46018836,0.46331793,-0.0031295717,0.4203872,0.44226238,-0.021875173,0.48125443,0.48946887,-0.008214444,0.46018836,0.46331793,-0.0031295717,24.0,34.0
Y2025_0284,0,h,forest,,0.54663146,0.5431362,0.003495276,0.5208181,0.47217342,0.04864469,0.5439199,0.5431362,7.837415E-4,0.51602703,0.47217342,0.04385361,0.5208181,0.48377883,0.03703928,0.4975098,0.46506026,0.032449543,0.54740375,0.5431362,0.0042675734,0.5253829,0.47217342,0.053209454,26.0,30.0
Y2025_0285,0,h,forest,,0.4822466,0.49861342,-0.01636681,0.46175116,0.48112562,-0.01937446,0.4822466,0.49861342,-0.01636681,0.4563312,0.4774867,-0.021155506,0.46175116,0.48341995,-0.021668792,0.43825805,0.46513355,-0.026875496,0.48955333,0.49861342,-0.009060085,0.4701602,0.48112562,-0.010965437,33.0,33.0
Y2025_0287,0,h,forest,,0.54966885,0.52726114,0.02240771,0.50910413,0.49413952,0.01496461,0.5127841,0.5317772,-0.01899308,0.50093037,0.495702,0.0052283704,0.50910413,0.495702,0.013402134,0.47375298,0.48676592,-0.013012946,0.54966885,0.52274513,0.026923716,0.5097026,0.49413952,0.015563101,24.0,31.0
Y2025_0288,0,h,forest,,0.5046519,0.50190556,0.0027463436,0.46466506,0.4796442,-0.014979154,0.5046519,0.5011476,0.0035042763,0.46466506,0.4796442,-0.014979154,0.46176863,0.48245317,-0.02068454,0.4564995,0.45437706,0.002122432,0.50693554,0.5299705,-0.02303499,0.47164503,0.48104867,-0.009403646,30.0,35.0
Y2025_0289,0,h,forest,,0.5075274,0.39895195,0.10857546,0.4867679,0.361591,0.12517688,0.51806086,0.39895195,0.119108915,0.48947898,0.37036505,0.11911392,0.47362003,0.37913907,0.09448096,0.46542057,0.33585083,0.12956974,0.51806086,0.39895195,0.119108915,0.4867679,0.361591,0.12517688,26.0,27.0
Y2025_0292,0,h,forest,,0.48096254,0.49858978,-0.01762724,0.44421655,0.43871778,0.005498767,0.48096254,0.4924065,-0.011443943,0.44843307,0.43871778,0.009715289,0.41249645,0.44453874,-0.032042295,0.41249645,0.41106424,0.0014322102,0.50030655,0.50187266,-0.001566112,0.44843307,0.43871778,0.009715289,30.0,32.0
Y2025_0293,0,h,forest,,0.5132142,0.4149708,0.098243386,0.46213555,0.34460795,0.117527604,0.50153774,0.4081868,0.09335095,0.46238527,0.3417943,0.120590955,0.46557346,0.34950456,0.1160689,0.45195732,0.32508776,0.12686956,0.5095895,0.44089454,0.06869495,0.46213555,0.34460795,0.117527604,64.0,64.0
Y2025_0294,0,h,forest,,0.6572373,0.64121795,0.016019344,0.65167546,0.616799,0.034876466,0.65258825,0.64121795,0.011370301,0.64763635,0.616799,0.030837357,0.6234234,0.616799,0.0066244006,0.64763635,0.59621453,0.05142182,0.6572783,0.6415668,0.015711486,0.65167546,0.62155545,0.030120015,63.0,66.0
Y2025_0295,0,h,forest,,0.5302869,0.51219517,0.018091738,0.5140988,0.49462655,0.019472271,0.5302869,0.5107221,0.019564807,0.5140988,0.4915254,0.022573411,0.50599116,0.49707848,0.0089126825,0.5022564,0.4915254,0.010730982,0.5302869,0.51219517,0.018091738,0.5222064,0.49462655,0.027579874,29.0,37.0
Y2025_0296,0,h,forest,,0.49092498,0.4873631,0.0035618842,0.4830565,0.44947588,0.0335806,0.49003467,0.4873631,0.0026715696,0.47359344,0.44947588,0.02411756,0.4830565,0.45332912,0.02972737,0.46536487,0.43645245,0.028912425,0.49092498,0.4898088,0.0011161864,0.48629394,0.4690024,0.017291546,24.0,31.0
Y2025_0297,0,h,forest,,0.5836301,0.52179277,0.061837316,0.5682782,0.48127386,0.087004334,0.57365763,0.522348,0.051309645,0.5682782,0.48127386,0.087004334,0.5682782,0.48127386,0.087004334,0.55710936,0.454682,0.10242736,0.591104,0.57313186,0.017972112,0.57365763,0.47045842,0.103199214,26.0,29.0
Y2025_0300,0,h,forest,,0.45578575,0.54271066,-0.08692491,0.41050237,0.45187545,-0.041373074,0.44050232,0.5014352,-0.060932904,0.42647982,0.45281875,-0.026338935,0.39452496,0.45281875,-0.05829379,0.39069557,0.44890422,-0.058208644,0.45578575,0.5612098,-0.10542405,0.41050237,0.45093217,-0.0404298,23.0,31.0
Y2025_0303,0,h,forest,,0.5477583,0.55648535,-0.008727074,0.5026375,0.4992104,0.003427118,0.5355054,0.55648535,-0.02097994,0.499628,0.4992104,4.1761994E-4,0.5026375,0.49999997,0.0026375353,0.47149333,0.49537584,-0.023882508,0.5494059,0.5654412,-0.016035318,0.51517594,0.5258335,-0.010657549,30.0,33.0
Y2025_0308,0,h,forest,,0.49385747,0.4985119,-0.0046544373,0.4908935,0.47677281,0.014120698,0.49667647,0.49721313,-5.366504E-4,0.4908935,0.48375115,0.007142365,0.4543735,0.48228255,-0.02790904,0.4543735,0.4443607,0.010012805,0.52346915,0.4985119,0.02495724,0.49143285,0.48375115,0.0076816976,28.0,32.0
Y2025_0309,0,h,forest,,0.46516013,0.46319458,0.0019655526,0.41756317,0.39840645,0.019156724,0.46516013,0.45412475,0.011035383,0.41756317,0.39912188,0.01844129,0.41756317,0.39912188,0.01844129,0.39519852,0.39293653,0.0022619963,0.46516013,0.44505492,0.020105213,0.41321132,0.397691,0.015520304,28.0,36.0
Y2025_0310,0,h,forest,,0.50517786,0.50705856,-0.0018807054,0.4979452,0.48346695,0.014478236,0.5047373,0.5032798,0.0014575124,0.49769157,0.4816425,0.016049057,0.49769157,0.4816425,0.016049057,0.4946051,0.47840813,0.016196966,0.5102041,0.50516915,0.0050349236,0.5047373,0.4816425,0.023094803,27.0,31.0
Y2025_0312,0,h,forest,,0.5032022,0.50751585,-0.0043136477,0.17450404,0.46237972,-0.28787568,0.5000042,0.50751585,-0.0075116754,0.17419808,0.46237972,-0.28818166,0.17517686,0.46237972,-0.28720286,0.15567727,0.4488043,-0.293127,0.5268199,0.5160361,0.010783792,0.17517686,0.46237972,-0.28720286,32.0,37.0
Y2025_0313,0,h,forest,,0.56600404,0.5061848,0.05981922,0.55621946,0.43620983,0.12000963,0.539823,0.50124687,0.038576126,0.52360743,0.43248546,0.09112197,0.5106623,0.45313752,0.0575248,0.52360743,0.42644104,0.09716639,0.59402657,0.55665946,0.037367105,0.5589744,0.43248546,0.12648892,46.0,56.0
Y2025_0314,0,h,forest,,0.61303616,0.6079644,0.005071759,0.60209984,0.5225612,0.07953864,0.601309,0.6049256,-0.0036165714,0.5912052,0.50878644,0.08241874,0.59617954,0.5436811,0.05249846,0.5912052,0.50878644,0.08241874,0.61303616,0.6200891,-0.007052958,0.60209984,0.5225612,0.07953864,24.0,29.0
Y2025_0319,0,h,forest,,0.5278075,0.48033375,0.04747373,0.5149467,0.43902436,0.07592234,0.52037185,0.48113972,0.039232135,0.50700736,0.43902436,0.067983,0.5071061,0.43902436,0.06808177,0.49906802,0.42316067,0.07590735,0.52973664,0.4819457,0.047790945,0.52587825,0.42502818,0.100850075,30.0,36.0
Y2025_0322,0,h,forest,,0.6025224,0.5608871,0.041635275,0.5718306,0.5099495,0.061881065,0.602779,0.5838455,0.018933475,0.5824755,0.5099495,0.07252598,0.5824755,0.5099495,0.07252598,0.54472387,0.49040055,0.054323316,0.6025224,0.5838455,0.018676877,0.5824755,0.52010524,0.06237024,24.0,29.0
Y2025_0323,0,h,forest,,0.46737447,0.47707826,-0.009703785,0.43231425,0.43289798,-5.837381E-4,0.46737447,0.48672944,-0.01935497,0.41225687,0.43289798,-0.020641118,0.45237163,0.43289798,0.019473642,0.3543038,0.36483383,-0.010530025,0.46737447,0.5194661,-0.05209163,0.45237163,0.43278837,0.019583255,25.0,29.0
Y2025_0325,0,h,forest,,0.49843282,0.45781726,0.04061556,0.47897434,0.4231133,0.055861056,0.48487905,0.45192656,0.032952487,0.47227702,0.38189843,0.09037858,0.47897434,0.4273281,0.051646233,0.45940116,0.3681503,0.09125087,0.510578,0.5015338,0.00904417,0.48284552,0.434438,0.048407525,26.0,32.0
Y2025_0326,0,h,forest,,0.4952984,0.5159414,-0.020642996,0.48204988,0.4954651,-0.013415217,0.4952984,0.5159414,-0.020642996,0.48204988,0.4954651,-0.013415217,0.4792379,0.4954651,-0.016227186,0.4792379,0.4880374,-0.008799493,0.50284684,0.52019364,-0.0173468,0.484528,0.5022277,-0.017699718,26.0,31.0
Y2025_0327,0,h,forest,,0.45411205,0.41713926,0.03697279,0.39094087,0.3400119,0.05092898,0.44949833,0.41713926,0.032359064,0.39845678,0.3413475,0.057109296,0.40128908,0.3400119,0.06127718,0.33968252,0.31455645,0.02512607,0.45411205,0.48393252,-0.029820472,0.39094087,0.3413475,0.04959339,22.0,33.0
Y2025_0328,0,h,forest,,0.51665276,0.38390708,0.13274568,0.45199242,0.3394632,0.11252922,0.4942352,0.38390708,0.11032811,0.42486718,0.34438598,0.0804812,0.4591002,0.3508726,0.10822758,0.36271906,0.33775145,0.02496761,0.5194274,0.39211437,0.12731305,0.4591002,0.3394632,0.11963698,30.0,33.0
Y2025_0329,0,h,forest,,0.54169947,0.50349456,0.03820491,0.5126145,0.46081278,0.05180171,0.53085786,0.50349456,0.0273633,0.5005723,0.46081278,0.039759547,0.5126145,0.47385544,0.038759053,0.4881922,0.4203655,0.06782669,0.54169947,0.50349456,0.03820491,0.5005723,0.46081278,0.039759547,28.0,26.0
Y2025_0330,0,h,forest,,0.5313093,0.57226646,-0.040957153,0.4819188,0.4996353,-0.017716497,0.5313093,0.55109406,-0.019784749,0.4819188,0.49167493,-0.009756118,0.48404923,0.5002414,-0.016192168,0.47828326,0.48137867,-0.0030954182,0.53524554,0.57226646,-0.03702092,0.48404923,0.4996353,-0.015586078,62.0,62.0
Y2025_0332,0,h,forest,,0.60368323,0.5595683,0.044114947,0.5677626,0.4997745,0.06798813,0.60368323,0.5573886,0.04629463,0.5677626,0.4997745,0.06798813,0.5668708,0.5001123,0.06675851,0.5617561,0.49779928,0.0639568,0.60484517,0.564147,0.04069817,0.5710256,0.499662,0.0713636,50.0,56.0
Y2025_0336,0,h,forest,,0.5167406,0.5397453,-0.023004651,0.48073396,0.43877745,0.041956514,0.5167406,0.52142304,-0.0046824217,0.48073396,0.44296002,0.037773937,0.48991385,0.44714257,0.04277128,0.48053867,0.43030933,0.05022934,0.5321518,0.52142304,0.010728776,0.5070052,0.4348567,0.0721485,31.0,35.0
Y2025_0337,0,h,forest,,0.523514,0.51082474,0.012689233,0.47088185,0.46434438,0.0065374672,0.52317613,0.49327353,0.029902607,0.46591398,0.4634725,0.0024414957,0.49256268,0.4652163,0.027346373,0.45741037,0.45889863,-0.0014882684,0.54122084,0.5351234,0.006097436,0.49256268,0.47011742,0.022445261,24.0,34.0
Y2025_0338,0,h,forest,,0.59255356,0.51979715,0.07275641,0.5786011,0.43244815,0.14615297,0.5914213,0.51979715,0.07162416,0.5663021,0.43244815,0.13385397,0.5786011,0.4433594,0.13524172,0.55106914,0.4312449,0.11982423,0.5942026,0.51979715,0.07440543,0.5798207,0.43244815,0.14737254,29.0,33.0
Y2025_0339,0,h,forest,,0.5029425,0.4926151,0.010327399,0.47543192,0.4432175,0.032214433,0.5029425,0.47957146,0.02337104,0.47543192,0.44021738,0.035214543,0.47543192,0.44621763,0.029214293,0.46214023,0.43523633,0.026903898,0.51044035,0.49480656,0.015633792,0.47593358,0.44021738,0.035716206,29.0,34.0
Y2025_0341,0,h,forest,,0.53330797,0.5167061,0.01660186,0.48512417,0.4812482,0.0038759708,0.5320422,0.5149124,0.017129779,0.48512417,0.47896197,0.0061621964,0.48512417,0.48210922,0.003014952,0.47629574,0.47202983,0.0042659044,0.53591645,0.5389995,-0.0030830503,0.49629176,0.4837466,0.012545168,60.0,72.0
Y2025_0343,0,h,forest,,0.51974785,0.5692366,-0.049488723,0.48454452,0.4958256,-0.011281073,0.51974785,0.54957324,-0.02982539,0.48454452,0.48592937,-0.0013848543,0.48454452,0.5298908,-0.04534626,0.47657636,0.48592937,-0.009353012,0.5465759,0.57238305,-0.025807142,0.48757172,0.5128582,-0.025286496,32.0,33.0
Y2025_0346,0,h,forest,,0.38603917,0.23132221,0.15471695,0.31704888,-0.0667881,0.38383698,0.38603917,0.21677116,0.16926801,0.29452056,-0.0667881,0.36130866,0.31704888,-0.03918445,0.35623333,0.23800379,-0.14748886,0.38549265,0.38603917,0.2358423,0.15019687,0.3057847,-0.08015495,0.38593966,30.0,32.0
Y2025_0347,0,h,forest,,0.585561,0.589952,-0.0043910146,0.5512712,0.5610419,-0.009770691,0.5836299,0.5820489,0.0015810132,0.5512712,0.5604167,-0.009145498,0.56094676,0.5610419,-9.512901E-5,0.5495495,0.55314165,-0.0035921335,0.5861064,0.59509814,-0.008991718,0.5512712,0.5610419,-0.009770691,34.0,36.0
Y2025_0349,0,h,forest,,0.36391738,0.35970238,0.004215002,0.29495716,0.32410192,-0.029144764,0.36391738,0.36979532,-0.005877942,0.29495716,0.32410192,-0.029144764,0.29584157,0.32410192,-0.02826035,0.26827115,0.31958348,-0.051312327,0.32521567,0.36979532,-0.044579655,0.29495716,0.32088414,-0.025926977,32.0,36.0
Y2025_0350,0,h,forest,,0.45427555,0.53154784,-0.077272296,0.4128495,0.47965792,-0.06680843,0.4543023,0.5340376,-0.07973528,0.4128495,0.47965792,-0.06680843,0.4128495,0.48098305,-0.06813356,0.4050356,0.46593848,-0.060902894,0.44768915,0.536683,-0.08899388,0.41241223,0.47898725,-0.06657502,60.0,64.0
Y2025_0351,0,h,forest,,0.60819477,0.6212412,-0.013046443,0.6036524,0.5913246,0.01232779,0.6045198,0.6140713,-0.009551525,0.6036524,0.57184076,0.031811655,0.58861303,0.59529215,-0.0066791177,0.59433156,0.5588836,0.035447955,0.62138784,0.6212412,1.4662743E-4,0.6167085,0.5913246,0.02538389,31.0,28.0
Y2025_0352,0,h,forest,,0.44359756,0.489944,-0.046346456,0.41642946,0.39327747,0.023151994,0.4412916,0.44401985,-0.0027282536,0.41496035,0.38920224,0.025758117,0.4221944,0.39735273,0.024841666,0.370344,0.37780017,-0.0074561536,0.44359756,0.50596166,-0.0623641,0.41642946,0.38920224,0.027227223,27.0,31.0
Y2025_0354,0,h,forest,,0.46926352,0.5101882,-0.040924698,0.42595544,0.44235566,-0.016400218,0.47443438,0.48632315,-0.011888772,0.42595544,0.4308241,-0.0048686564,0.42595544,0.44513616,-0.019180715,0.4219498,0.39745694,0.02449286,0.48943308,0.5255713,-0.036138207,0.43336192,0.42223144,0.011130482,26.0,32.0
Y2025_0357,0,h,forest,,0.6111274,0.6197702,-0.008642852,0.5957728,0.5748524,0.020920396,0.61017954,0.6208909,-0.010711372,0.5879538,0.5748524,0.013101399,0.5957728,0.5813411,0.014431715,0.56365794,0.5422853,0.021372616,0.6173285,0.6197702,-0.0024417043,0.596,0.5748524,0.021147609,28.0,29.0
Y2025_0359,0,h,forest,,0.51438373,0.5376829,-0.023299158,0.49336284,0.46354035,0.029822499,0.51173466,0.5213895,-0.00965482,0.48750302,0.46687144,0.020631582,0.48816237,0.46687144,0.021290928,0.47779652,0.44267273,0.035123795,0.5215526,0.53957635,-0.01802373,0.4982854,0.46687144,0.031413972,30.0,31.0
Y2025_0360,0,h,forest,,0.6146975,0.55279243,0.061905086,0.5872924,0.51980674,0.06748563,0.6146975,0.55279243,0.061905086,0.5872924,0.5114166,0.07587576,0.584697,0.52631575,0.05838126,0.5640856,0.5107583,0.053327322,0.61762464,0.609633,0.007991612,0.584697,0.51980674,0.064890265,29.0,33.0
Y2025_0362,0,h,forest,,0.5846567,0.5818747,0.0027819872,0.549859,0.49824643,0.051612556,0.57569844,0.5672919,0.00840652,0.549859,0.49824643,0.051612556,0.5533074,0.49358812,0.059719294,0.5396348,0.49353337,0.04610145,0.6005456,0.5818747,0.018670857,0.5533074,0.49824643,0.055060983,24.0,31.0
Y2025_0363,0,h,forest,,0.4504155,0.47005922,-0.019643724,0.39455143,0.37288496,0.021666467,0.4504155,0.47005922,-0.019643724,0.39455143,0.37288496,0.021666467,0.39455143,0.37288496,0.021666467,0.35899815,0.363105,-0.0041068494,0.4504155,0.47005922,-0.019643724,0.39455143,0.37005335,0.024498075,30.0,27.0
Y2025_0364,0,h,forest,,0.55569464,0.53837496,0.01731968,0.53547084,0.4817313,0.053739548,0.55485696,0.53837496,0.016481996,0.5336929,0.4817313,0.0519616,0.52480966,0.4817313,0.043078363,0.52480966,0.47401184,0.05079782,0.57104194,0.53837496,0.03266698,0.54621345,0.4817313,0.06448215,29.0,36.0
Y2025_0366,0,h,forest,,0.54551136,0.49965978,0.04585159,0.5008149,0.4436969,0.05711803,0.5465135,0.49705216,0.049461335,0.5008149,0.44031584,0.060499072,0.5052431,0.445805,0.05943811,0.46725953,0.4243125,0.042947024,0.5493118,0.50081414,0.048497677,0.51128554,0.4415888,0.069696754,64.0,70.0
Y2025_0367,0,h,forest,,0.5110544,0.5141309,-0.0030764937,0.4945729,0.47915667,0.015416235,0.4982684,0.5141309,-0.015862495,0.48771748,0.47915667,0.0085608065,0.487389,0.48042277,0.0069662333,0.46996623,0.460975,0.008991241,0.5127465,0.5660045,-0.053258,0.49513295,0.48168883,0.013444126,33.0,30.0
Y2025_0368,0,h,forest,,0.5361002,0.5023974,0.03370279,0.49394858,0.41860008,0.0753485,0.535093,0.5023974,0.03269559,0.4868227,0.41860008,0.06822261,0.49038565,0.42609203,0.06429362,0.47326156,0.36123118,0.11203039,0.5581568,0.53081363,0.027343154,0.50260264,0.41860008,0.084002554,32.0,31.0
Y2025_0369,0,h,forest,,0.42446247,0.3839957,0.040466756,0.35609385,0.30471647,0.051377386,0.4278993,0.40658733,0.021311969,0.35609385,0.31389606,0.042197794,0.35609385,0.31389606,0.042197794,0.20917556,0.28322294,-0.07404739,0.4278993,0.3952915,0.032607794,0.35609385,0.29613394,0.05995992,27.0,35.0
Y2025_0372,0,h,forest,,0.5728768,0.57345754,-5.8072805E-4,0.53735256,0.52439624,0.012956321,0.5713418,0.5786573,-0.0073155165,0.5333822,0.52439624,0.008985937,0.54686123,0.52927005,0.017591178,0.5294118,0.51066697,0.018744826,0.57441187,0.5786573,-0.00424546,0.5563699,0.52927005,0.027099848,23.0,29.0
Y2025_0373,0,h,forest,,-0.038415074,0.137804,-0.17621908,-0.1570426,0.077436574,-0.23447916,-0.0294383,0.14177023,-0.17120853,-0.1376572,0.079628155,-0.21728535,-0.1570426,0.075245,-0.23228759,-0.181701,0.06121567,-0.24291667,-0.03415367,0.137804,-0.17195767,-0.1570426,0.077436574,-0.23447916,32.0,32.0
Y2025_0374,0,h,forest,,0.52543247,0.55983377,-0.034401298,0.509165,0.51565665,-0.006491661,0.52137965,0.542504,-0.021124363,0.509165,0.511404,-0.0022389889,0.4908722,0.51565665,-0.024784446,0.4860284,0.4890348,-0.0030063987,0.52543247,0.56024474,-0.03481227,0.509165,0.51565665,-0.006491661,26.0,32.0
Y2025_0375,0,h,forest,,0.5997739,0.54826343,0.051510453,0.5560715,0.31133828,0.24473324,0.5805668,0.54826343,0.032303393,0.5461659,0.29458126,0.25158462,0.5560715,0.3263398,0.22973171,0.5426357,0.2793721,0.26326358,0.5997739,0.6192256,-0.019451737,0.5560715,0.31883904,0.23723248,29.0,33.0
Y2025_0376,0,h,forest,,0.5823802,0.56149733,0.020882845,0.5722076,0.5042206,0.067987025,0.5811294,0.56149733,0.019632041,0.5696737,0.5042206,0.06545311,0.54810506,0.5134354,0.034669638,0.5578728,0.47472465,0.08314812,0.5975371,0.5669533,0.030583799,0.5811294,0.5042206,0.07690877,31.0,27.0
Y2025_0377,0,h,forest,,0.5090955,0.5086952,4.003048E-4,0.45119208,0.44615385,0.0050382316,0.49332708,0.50780094,-0.0144738555,0.45119208,0.44615385,0.0050382316,0.45124918,0.44993868,0.0013104975,0.41902313,0.4209334,-0.0019102693,0.509481,0.5095895,-1.0848045E-4,0.45770547,0.44209164,0.015613824,54.0,61.0
Y2025_0378,0,h,forest,,0.4966055,0.48982024,0.0067852437,0.4830105,0.45561245,0.02739805,0.48304275,0.48512974,-0.002086997,0.4830105,0.4548303,0.028180212,0.4776204,0.45561245,0.022007942,0.47667807,0.42927188,0.047406197,0.50512946,0.502193,0.0029364824,0.4830105,0.4580742,0.024936289,52.0,64.0
Y2025_0379,0,h,forest,,0.5124555,0.48331442,0.029141098,0.49491096,0.45189258,0.04301837,0.5103692,0.4842794,0.026089787,0.49571,0.46699268,0.02871731,0.48557788,0.46699268,0.018585205,0.46372053,0.4401973,0.023523241,0.5205732,0.48913923,0.03143397,0.49650905,0.46699268,0.02951637,28.0,34.0
Y2025_0380,0,h,forest,,0.5873904,0.14529295,0.44209749,0.5776667,-0.20908923,0.7867559,0.59179723,0.14369608,0.44810116,0.5776667,-0.20908923,0.7867559,0.57520574,-0.19477123,0.769977,0.56769127,-0.3522106,0.91990185,0.59235376,0.1456671,0.44668666,0.5776667,-0.2734909,0.8511576,29.0,30.0
Y2025_0381,0,h,forest,,0.53022784,0.46905342,0.061174423,0.5150443,0.43320322,0.08184105,0.53097093,0.472,0.05897093,0.5150443,0.43495432,0.08008996,0.5150443,0.43670538,0.07833889,0.49244305,0.4276077,0.06483537,0.53097093,0.46905342,0.061917514,0.5150443,0.43320322,0.08184105,26.0,33.0
Y2025_0384,0,h,forest,,0.48444942,0.50870407,-0.02425465,0.47129157,0.4581085,0.013183057,0.48444942,0.49893713,-0.014487714,0.47129157,0.45595405,0.015337527,0.47856244,0.46026298,0.01829946,0.45750305,0.4513418,0.0061612427,0.48444942,0.5153262,-0.030876786,0.47129157,0.46026298,0.011028588,22.0,33.0
Y2025_0385,0,h,forest,,0.50147617,0.5159787,-0.014502525,0.48110238,0.48792642,-0.0068240464,0.50147617,0.51141167,-0.009935498,0.48110238,0.4857143,-0.0046119094,0.48110238,0.4895873,-0.00848493,0.4609143,0.47335553,-0.012441218,0.50147617,0.53545433,-0.033978164,0.48110238,0.48792642,-0.0068240464,27.0,34.0
Y2025_0386,0,h,forest,,0.6063219,0.59464395,0.011677921,0.57770264,0.5674391,0.010263562,0.6063219,0.5906183,0.015703559,0.5846764,0.5674391,0.017237306,0.5707289,0.5674391,0.0032898188,0.5529633,0.5650284,-0.012065113,0.61219794,0.5986696,0.013528347,0.5846764,0.5674391,0.017237306,25.0,29.0
Y2025_0387,0,h,forest,,0.5359091,0.5477786,-0.01186949,0.4578612,0.34795573,0.10990548,0.5359091,0.5276339,0.008275211,0.4578612,0.34591764,0.11194357,0.4578612,0.35538003,0.10248119,0.4397382,0.34591764,0.09382057,0.54064685,0.5790454,-0.038398564,0.4647001,0.35538003,0.109320074,31.0,28.0
Y2025_0388,0,h,forest,,0.49749348,0.51704544,-0.019551963,0.4796781,0.44393036,0.035747737,0.49461013,0.51704544,-0.022435308,0.4710614,0.44393036,0.02713105,0.4796781,0.44393036,0.035747737,0.4627676,0.4381686,0.024599016,0.5113685,0.51717067,-0.0058021545,0.4930185,0.44393036,0.04908815,32.0,33.0
Y2025_0390,0,h,forest,,0.668626,0.6908803,-0.022254288,0.657485,0.6015705,0.05591452,0.667792,0.65460974,0.013182282,0.657485,0.60884625,0.04863876,0.64149505,0.5942948,0.047200263,0.64149505,0.5424204,0.09907466,0.66945994,0.6911527,-0.021692753,0.657485,0.6015705,0.05591452,26.0,30.0
Y2025_0391,0,h,forest,,0.5270619,0.49503857,0.03202331,0.45835134,0.44248858,0.015862763,0.5177059,0.48480403,0.032901883,0.4480921,0.44201362,0.0060784817,0.48639157,0.46625358,0.020137995,0.43783283,0.44110656,-0.0032737255,0.5259302,0.5255935,3.3670664E-4,0.45835134,0.44248858,0.015862763,27.0,34.0
Y2025_0393,0,h,forest,,0.37112585,0.31018394,0.060941905,0.052384194,0.018713668,0.033670526,0.37112585,0.23022725,0.1408986,0.0986573,0.024247754,0.074409544,0.0061110905,0.018713668,-0.012602577,-0.008016018,-0.06604505,0.058029033,0.39591068,0.4038792,-0.007968515,0.23380567,0.12424851,0.10955716,31.0,32.0
Y2025_0394,0,h,forest,,0.5618057,0.5303669,0.031438828,0.55292624,0.46665055,0.0862757,0.5559461,0.5185336,0.037412524,0.5300839,0.46123794,0.06884596,0.55292624,0.47206318,0.08086306,0.49188644,0.45924097,0.032645464,0.60410094,0.53954434,0.0645566,0.5559461,0.46123794,0.094708174,27.0,35.0
Y2025_0395,0,h,forest,,0.511246,0.3877318,0.123514235,0.46945763,0.32672378,0.14273384,0.50058347,0.39721,0.10337347,0.427824,0.3348369,0.09298709,0.46945763,0.34295005,0.12650758,0.40307692,0.32217297,0.08090395,0.519358,0.3877318,0.13162619,0.46945763,0.32672378,0.14273384,29.0,35.0
Y2025_0397,0,h,forest,,0.6166705,0.61436325,0.0023072362,0.61000514,0.5935301,0.016475022,0.5936459,0.61436325,-0.020717382,0.57794005,0.5935301,-0.015590072,0.5383562,0.5842803,-0.045924127,0.57794005,0.56094986,0.016990185,0.63746744,0.61436325,0.02310419,0.60182554,0.5935301,0.008295417,27.0,32.0
Y2025_0400,0,h,forest,,0.43700704,0.42127886,0.015728176,0.40153304,0.35012415,0.051408887,0.43541762,0.41920373,0.016213894,0.40153304,0.35172772,0.049805313,0.40153304,0.35172772,0.049805313,0.35273662,0.34207764,0.010658979,0.4264817,0.42127886,0.00520283,0.3779835,0.34852055,0.029462963,26.0,35.0
Y2025_0056,0,h,forest/bareland,,0.42820758,0.31017232,0.11803526,0.39095592,0.02849386,0.36246207,0.4082242,0.31017232,0.098051876,0.32890895,0.03353261,0.29537633,0.39095592,0.02849386,0.36246207,0.3123761,-0.026504265,0.3388804,0.42820758,0.21994123,0.20826635,0.39095592,0.023455113,0.3675008,30.0,34.0
Y2025_0013,1,h,jhum,,0.48574686,0.24186549,0.24388137,0.4315689,0.12539327,0.30617562,0.48574686,0.24186549,0.24388137,0.4315689,0.12539327,0.30617562,0.4315689,0.12539327,0.30617562,0.37042713,0.061133202,0.30929393,0.49797368,0.23788227,0.26009142,0.43610492,0.119464695,0.31664023,27.0,34.0
Y2025_0028,1,h,jhum,,0.54438436,-0.14403017,0.6884145,0.5105422,-0.25259113,0.76313335,0.54385966,-0.14220104,0.68606067,0.5105422,-0.25259113,0.76313335,0.51250666,-0.241767,0.75427365,0.4998511,-0.29358417,0.7934353,0.54463047,-0.1458593,0.69048977,0.5085777,-0.25368336,0.76226103,58.0,62.0
Y2025_0034,1,h,jhum,,0.6221198,-0.11421209,0.7363319,0.5464956,-0.3025459,0.8490415,0.62641525,-0.11421209,0.74062735,0.5464956,-0.3025459,0.8490415,0.5464956,-0.2750049,0.82150054,0.5048938,-0.33799124,0.842885,0.6221198,-0.1703817,0.79250145,0.5464956,-0.3025459,0.8490415,28.0,33.0
Y2025_0058,1,h,jhum,,0.29599476,-0.114528805,0.41052356,0.16338785,-0.1476821,0.31106997,0.31717595,-0.113538995,0.43071496,0.16338785,-0.1476821,0.31106997,0.16338785,-0.1476821,0.31106997,0.15382515,-0.17859365,0.3324188,0.31717595,-0.113538995,0.43071496,0.17889325,-0.15167785,0.33057112,30.0,34.0
Y2025_0064,1,h,jhum,,0.39177305,-0.16345772,0.55523074,0.35096297,-0.3261074,0.6770704,0.39177305,-0.14727084,0.5390439,0.35931453,-0.3261074,0.68542194,0.35931453,-0.2941672,0.6534817,0.29270208,-0.3645709,0.65727293,0.39177305,-0.1796446,0.5714176,0.35096297,-0.3261074,0.6770704,27.0,33.0
Y2025_0075,1,h,jhum,,0.26867625,-0.054985978,0.32366222,0.21761164,-0.17261751,0.39022917,0.26867625,-0.054985978,0.32366222,0.21761164,-0.17261751,0.39022917,0.17356183,-0.19044738,0.3640092,0.1536618,-0.24887073,0.40253252,0.32080263,-0.0654591,0.38626173,0.26440787,-0.19044738,0.45485526,47.0,58.0
Y2025_0086,1,h,jhum,,0.6070716,-0.07823835,0.68530995,0.587547,-0.15744425,0.74499124,0.6070716,-0.07530544,0.68237704,0.587547,-0.15744425,0.74499124,0.587547,-0.15563692,0.7431839,0.57016665,-0.23806533,0.80823195,0.6070716,-0.07823835,0.68530995,0.587547,-0.15744425,0.74499124,26.0,28.0
Y2025_0095,1,h,jhum,,0.60630727,-0.23556003,0.8418673,0.5628059,-0.37023032,0.9330362,0.6058742,-0.23556003,0.84143424,0.55576444,-0.4031216,0.958886,0.5628059,-0.37023032,0.9330362,0.54872304,-0.43601283,0.98473585,0.60630727,-0.15723981,0.76354706,0.5836899,-0.37023032,0.95392025,30.0,32.0
Y2025_0163,1,h,jhum,,0.4008942,-0.029342739,0.43023694,0.38961694,-0.122731045,0.512348,0.40702212,-0.01277742,0.41979954,0.38961694,-0.104845844,0.4944628,0.38961694,-0.122731045,0.512348,0.37166226,-0.1621271,0.5337894,0.40702212,-0.07199199,0.4790141,0.38961694,-0.14061624,0.53023314,27.0,33.0
Y2025_0165,1,h,jhum,,0.46382868,-0.05144661,0.5152753,0.41949427,-0.14433435,0.5638286,0.45717168,-0.05144661,0.5086183,0.41949427,-0.14433435,0.5638286,0.41949427,-0.10198359,0.5214779,0.3689815,-0.17855671,0.5475382,0.4704857,-0.05431878,0.5248045,0.4236877,-0.14433435,0.568022,25.0,32.0
Y2025_0176,1,h,jhum,,0.4856479,0.18773752,0.29791036,0.4665272,0.14471467,0.3218125,0.48353773,0.19721779,0.28631994,0.45695654,0.14471467,0.31224185,0.46783993,0.14558299,0.32225692,0.44370142,0.068875656,0.37482578,0.4985817,0.18773752,0.31084418,0.46820036,0.14471467,0.32348567,60.0,72.0
Y2025_0177,1,h,jhum,,0.4931238,-0.015539475,0.5086633,0.46319363,-0.14456888,0.6077625,0.47181964,-0.014169925,0.48598957,0.4614841,-0.14456888,0.606053,0.46319363,-0.12931293,0.5925065,0.45404753,-0.18173254,0.6357801,0.5212998,-0.012800375,0.5341002,0.46763363,-0.15982482,0.62745845,25.0,32.0
Y2025_0184,1,h,jhum,,0.45350227,-0.20270504,0.6562073,0.31073174,-0.33696708,0.6476988,0.46052596,-0.20270504,0.663231,0.31073174,-0.33696708,0.6476988,0.31073174,-0.3116633,0.62239504,0.26601943,-0.3976806,0.66370004,0.44315296,-0.10392881,0.54708177,0.31073174,-0.33696708,0.6476988,28.0,30.0
Y2025_0187,1,h,jhum,,0.34830135,0.17373322,0.17456813,0.21884319,0.11372774,0.10511545,0.34830135,0.17373322,0.17456813,0.21884319,0.11959138,0.099251814,0.21884319,0.11617466,0.10266853,0.19890262,0.09882744,0.100075185,0.30008537,0.16885626,0.1312291,0.21757823,0.10627759,0.11130064,27.0,31.0
Y2025_0217,1,h,jhum,,0.5045547,0.031518813,0.47303587,0.4518849,-0.25233114,0.704216,0.5005258,0.032008592,0.46851718,0.40254235,-0.23849371,0.64103603,0.4518849,-0.23849371,0.6903786,0.38978875,-0.28316265,0.6729514,0.50808895,0.031029034,0.4770599,0.46334162,-0.25233114,0.71567273,30.0,35.0
Y2025_0226,1,h,jhum,,0.4830458,0.09094585,0.39209995,0.43559977,-0.15301897,0.58861876,0.49075836,0.084695406,0.40606296,0.43559977,-0.15245204,0.5880518,0.43559977,-0.15245204,0.5880518,0.39398363,-0.2201806,0.61416423,0.4830458,0.09719628,0.3858495,0.43559977,-0.15245204,0.5880518,24.0,35.0
Y2025_0241,1,h,jhum,,0.5250773,0.09848525,0.42659205,0.5162393,-0.06492802,0.5811673,0.5162393,0.101959996,0.41427928,0.5162393,-0.06492802,0.5811673,0.51093155,-0.06492802,0.57585955,0.51070875,-0.12998526,0.640694,0.5250773,0.10890219,0.4161751,0.51599544,-0.11728395,0.6332794,23.0,30.0
Y2025_0246,1,h,jhum,,0.6129691,-0.29618457,0.9091537,0.61134017,-0.37631688,0.98765707,0.6123865,-0.29461274,0.90699923,0.6058735,-0.37631688,0.9821904,0.5580013,-0.3685613,0.92656255,0.56695366,-0.41127256,0.9782262,0.6203408,-0.2970839,0.91742474,0.6129691,-0.37631688,0.98928595,54.0,60.0
Y2025_0247,1,h,jhum,,0.5375389,0.01252846,0.5250104,0.49512196,-0.3260188,0.82114077,0.52417773,0.01252846,0.51164925,0.49512196,-0.3260188,0.82114077,0.49974495,-0.31535268,0.81509763,0.49241748,-0.33890438,0.83132184,0.5375389,0.16990477,0.36763412,0.49512196,-0.3260188,0.82114077,28.0,33.0
Y2025_0255,1,h,jhum,,0.58608353,-0.019817067,0.6059006,0.5241509,-0.13066266,0.6548136,0.58203065,0.002415455,0.5796152,0.523882,-0.13066266,0.65454465,0.5241509,-0.09781811,0.621969,0.5185897,-0.1754058,0.6939955,0.5864328,0.002415455,0.58401734,0.523882,-0.13435183,0.6582338,28.0,33.0
Y2025_0261,1,h,jhum,,0.44024962,0.008234546,0.43201506,0.36634472,-0.0808314,0.44717613,0.43863383,0.011869215,0.4267646,0.38596156,-0.0808314,0.46679297,0.36634472,-0.0808314,0.44717613,0.33510768,-0.15488718,0.48999488,0.45572355,0.03302629,0.42269728,0.40555838,-0.15488718,0.56044555,32.0,36.0
Y2025_0264,1,h,jhum,,0.5104114,-0.010137422,0.5205488,0.36711845,-0.14036787,0.50748634,0.4332305,0.028117107,0.40511337,0.36726803,-0.14036787,0.5076359,0.36726803,-0.14036787,0.5076359,0.32944608,-0.17262766,0.50207376,0.5104114,0.053461112,0.45695028,0.36726803,-0.16425014,0.53151816,27.0,29.0
Y2025_0281,1,h,jhum,,0.534348,-0.09149354,0.62584156,0.48469445,-0.27131236,0.75600684,0.52271515,-0.08228918,0.6050043,0.47638735,-0.27131236,0.74769974,0.49300155,-0.21839078,0.71139234,0.44806203,-0.27900797,0.72707,0.5370985,-0.09149354,0.6285921,0.48469445,-0.21839078,0.70308524,29.0,33.0
Y2025_0291,1,h,jhum,,0.54055303,0.15867224,0.3818808,0.4953347,-0.1691308,0.66446555,0.5359719,0.15867224,0.37729964,0.5003742,-0.1691308,0.669505,0.5054138,-0.15984978,0.66526353,0.4876636,-0.21270086,0.7003645,0.53846127,0.16285425,0.375607,0.4953347,-0.17841183,0.6737465,25.0,28.0
Y2025_0298,1,h,jhum,,0.35159543,-0.07486951,0.42646495,0.31090957,-0.2361856,0.5470952,0.35159543,-0.03426351,0.38585895,0.31733575,-0.2361856,0.55352134,0.31850713,-0.2361856,0.55469275,0.264938,-0.2494749,0.5144129,0.35159543,-0.03426351,0.38585895,0.31090957,-0.24010366,0.55101323,27.0,30.0
Y2025_0316,1,h,jhum,,0.4011244,0.068357445,0.33276695,0.33583072,-0.23283078,0.5686615,0.40076432,0.07389529,0.326869,0.34183675,-0.22150138,0.56333816,0.30813515,-0.22150138,0.5296365,0.30350283,-0.25622407,0.5597269,0.40219676,0.068357445,0.33383933,0.38922155,-0.24416016,0.6333817,26.0,34.0
Y2025_0334,1,h,jhum,,0.5597087,-0.20174779,0.7614565,0.4954808,-0.27436686,0.76984763,0.54155815,-0.1812711,0.7228292,0.48333332,-0.27436686,0.7577002,0.5002155,-0.27436686,0.7745823,0.45717463,-0.31127915,0.7684538,0.5820823,-0.20581219,0.7878945,0.51800144,-0.27844483,0.79644626,54.0,69.0
Y2025_0353,1,h,jhum,,0.5450644,0.22168265,0.32338172,0.53673613,0.10244591,0.43429023,0.5431424,0.22168265,0.3214597,0.53372663,0.10244591,0.43128073,0.53372663,0.110855155,0.42287147,0.5308031,0.09354836,0.43725473,0.5500771,0.21118766,0.33888942,0.53673613,0.09403666,0.44269946,31.0,32.0
Y2025_0361,1,h,jhum,,0.5490453,-0.09189993,0.64094526,0.5261201,-0.17532952,0.70144963,0.5477813,-0.07363307,0.62141436,0.52103776,-0.17483856,0.6958763,0.5261201,-0.17532952,0.70144963,0.5203687,-0.1781833,0.698552,0.5490453,-0.10217077,0.6512161,0.53120244,-0.17532952,0.70653194,33.0,33.0
Y2025_0371,1,h,jhum,,0.48656482,0.031894326,0.4546705,0.45333582,-0.19489837,0.6482342,0.49498367,0.011691878,0.4832918,0.45884907,-0.18527246,0.6441215,0.45333582,-0.17155036,0.62488616,0.4119581,-0.20848614,0.62044424,0.48970023,-0.07453416,0.5642344,0.4645669,-0.19489837,0.65946525,56.0,62.0
Y2025_0280,0,h,landslide,,0.21046832,0.29501915,-0.08455083,0.17291565,0.25716898,-0.084253326,0.21046832,0.29501915,-0.08455083,0.17369598,0.25716898,-0.083473,0.17291565,0.2631579,-0.09024225,0.1315398,0.22670065,-0.09516084,0.21046832,0.3050027,-0.09453437,0.17291565,0.23894034,-0.06602469,27.0,35.0
Y2025_0399,0,h,landslide,,0.58597124,0.5960951,-0.010123849,0.58812135,0.5283945,0.059726834,0.5681063,0.55918616,0.008920133,0.5743251,0.52751905,0.046806037,0.5657143,0.53495175,0.030762553,0.5690184,0.52751905,0.041499376,0.60051745,0.59457934,0.0059381127,0.58469355,0.5283945,0.05629903,54.0,54.0
Y2025_0065,0,h,riverbed,,0.14143519,0.20493181,-0.06349662,0.10734163,0.17031871,-0.062977076,0.14777133,0.20901795,-0.06124662,0.10734163,0.17491943,-0.067577794,0.10734163,0.17952015,-0.07217851,0.07751024,0.1589896,-0.081479356,0.13509904,0.20084567,-0.065746635,0.10734163,0.17031871,-0.062977076,30.0,33.0
Y2025_0119,0,h,settlement,,0.13263044,0.082332,0.050298437,0.11951388,0.046842393,0.07267149,0.13273074,0.08293288,0.049797855,0.11953088,0.048074987,0.071455896,0.1135922,0.036488645,0.077103555,0.103224516,0.03024462,0.0729799,0.13263044,0.08282353,0.049806908,0.11951388,0.0456098,0.07390408,58.0,68.0
Y2025_0122,0,h,terrace farming,,0.05959027,0.035424378,0.024165891,0.042085227,-0.05709322,0.09917845,0.05959027,0.036090735,0.023499534,0.04245566,-0.05709322,0.09954888,0.04206392,-0.03707033,0.079134256,0.026688589,-0.06055319,0.08724178,0.05959027,0.032457996,0.027132273,0.042085227,-0.05798662,0.10007185,123.0,124.0
Y2025_0020,0,h,unmetalled road,,0.34911275,0.24815066,0.10096209,0.14655171,0.14561799,9.3372166E-4,0.34911275,0.24815066,0.10096209,0.12740184,0.14561799,-0.018216148,0.14655171,0.16873027,-0.02217856,0.10214268,0.14304233,-0.04089965,0.39141047,0.24815066,0.14325981,0.15813717,0.16873027,-0.010593101,32.0,33.0
Y2025_0225,0,h,water,,0.3622108,0.39786297,-0.03565216,0.4056399,0.42604744,-0.020407557,0.3622108,0.3960727,-0.033861876,0.4056399,0.394027,0.011612892,0.34167573,0.37421778,-0.03254205,0.36412317,0.333515,0.030608177,0.36412317,0.40092775,-0.036804587,0.40772533,0.43198806,-0.024262726,24.0,36.0
Y2025_0358,0,h,water,,0.2971429,0.37854484,-0.081401944,0.22832222,0.2214099,0.006912321,0.29306823,0.347027,-0.053958774,0.25694445,0.2214099,0.035534546,0.22243579,0.2214099,0.0010258853,0.14367072,0.044731427,0.0989393,0.31321004,0.38300654,-0.0697965,0.2813648,0.2214099,0.059954897,56.0,61.0
Y2025_0027,0,h,wrc,,0.27314284,0.24397999,0.029162854,0.21501705,0.11865881,0.09635824,0.27607584,0.24397999,0.03209585,0.21501705,0.1212589,0.09375815,0.21501705,0.1212589,0.09375815,0.1917977,0.05710189,0.13469581,0.27900884,0.24729836,0.031710476,0.20007336,0.11605873,0.08401463,32.0,33.0
Y2025_0031,0,h,wrc,,0.16315381,0.024014173,0.13913964,0.19825096,0.12851715,0.06973381,0.16568817,0.024602553,0.14108562,0.19832106,0.20976155,-0.011440486,0.0841261,-0.0014821299,0.08560823,0.18209451,0.014299338,0.16779518,0.1831683,0.018862566,0.16430575,0.20014346,0.04727274,0.15287071,60.0,62.0
Y2025_0096,0,h,wrc,,0.2657177,0.09204417,0.17367351,0.17248851,-0.046068292,0.2185568,0.2856602,0.09665312,0.18900709,0.17248851,-0.046068292,0.2185568,0.1795099,-0.046068292,0.22557819,0.16635862,-0.076606296,0.24296492,0.30560273,0.09204417,0.21355855,0.1795099,-0.047723126,0.22723302,32.0,35.0
Y2025_0116,0,h,wrc,,0.4020513,0.023376632,0.37867466,0.36789712,-0.10103871,0.46893585,0.39995006,0.023376632,0.3765734,0.3657418,-0.10103871,0.46678048,0.37005243,-0.10103871,0.47109115,0.3548387,-0.17638375,0.53122246,0.39995006,0.019563232,0.38038683,0.36789712,-0.13620462,0.50410175,23.0,33.0
Y2025_0118,0,h,wrc,,0.11447579,0.058906123,0.055569664,0.07764036,-0.12334049,0.20098084,0.115848884,0.0641466,0.051702283,0.07764036,-0.08086584,0.1585062,0.07664162,-0.10447762,0.18111923,0.059357107,-0.15920134,0.21855845,0.099721886,0.063418865,0.03630302,0.0688086,-0.14220335,0.21101195,44.0,61.0
Y2025_0267,0,h,wrc,,0.011261314,0.06777547,-0.05651416,-0.108434506,0.028646484,-0.137081,0.011261314,0.06826448,-0.057003163,-0.108434506,0.028646484,-0.137081,-0.11440903,0.029656436,-0.14406547,-0.13793103,0.012022133,-0.14995317,0.011261314,0.06777547,-0.05651416,-0.108434506,0.028646484,-0.137081,56.0,62.0
Y2025_0315,0,h,wrc,,0.08192939,0.012973878,0.06895552,0.1253868,0.0021533563,0.123233445,0.08587504,0.013684749,0.07219029,0.13740201,0.0034339193,0.1339681,0.0568333,-0.007503098,0.0643364,0.08711607,-0.012314083,0.09943015,0.06553616,0.012218899,0.053317256,0.107142836,8.7279343E-4,0.106270045,52.0,58.0
Y2025_0153,1,h,jhum,2024_11_cleared,0.6138154,0.024384238,0.58943117,0.57905895,-0.25819057,0.8372495,0.6061277,0.024384238,0.5817434,0.5768048,-0.25819057,0.8349954,0.5810639,-0.22961374,0.81067765,0.5626638,-0.2647777,0.82744145,0.6283042,0.024384238,0.6039199,0.59902674,-0.25819057,0.8572173,60.0,52.0
Y2025_0175,1,h,jhum,2024_11_cleared,0.621523,0.266259,0.355264,0.54183465,-0.19897208,0.7408067,0.58896285,0.06837535,0.5205875,0.53368825,-0.18649733,0.7201856,0.5435112,-0.18649733,0.73000854,0.521948,-0.29164502,0.81359303,0.63322407,0.11099616,0.5222279,0.5435112,-0.19897208,0.74248326,29.0,32.0
Y2025_0321,1,h,jhum,2024_11_cleared,0.5178608,-0.09955775,0.6174185,0.48686117,-0.20820189,0.69506305,0.5178608,-0.09955775,0.6174185,0.48686117,-0.20820189,0.69506305,0.48686117,-0.20820189,0.69506305,0.46035975,-0.24099836,0.7013581,0.5284618,-0.08859443,0.61705625,0.49399424,-0.21473356,0.7087278,29.0,32.0
Y2025_0348,0,h,jhum,2024_11_cleared,0.5182879,0.1782153,0.3400726,0.507438,-0.009988905,0.5174269,0.5182118,0.25748852,0.26072326,0.507438,-0.009988905,0.5174269,0.5001093,-0.009988905,0.5100982,0.4775256,-0.05874866,0.53627425,0.52713376,0.41527614,0.11185762,0.5177452,-0.050959248,0.5687044,28.0,32.0
Y2025_0067,0,h,bareland,burned area,0.5135278,0.4128755,0.10065231,0.4843874,0.33263376,0.15175363,0.49304676,0.44771445,0.045332313,0.48298457,0.33263376,0.15035081,0.4857902,0.34029546,0.14549473,0.45719397,0.3197012,0.13749278,0.51455766,0.430295,0.08426267,0.4857902,0.32497084,0.16081935,26.0,33.0
Y2025_0076,0,h,bareland,burned area,0.46766797,0.32967335,0.13799462,0.3976288,0.2902523,0.107376516,0.46339017,0.3369156,0.12647456,0.3976288,0.2902523,0.107376516,0.3976288,0.2902523,0.107376516,0.38395336,0.2818579,0.102095455,0.46339017,0.32967335,0.13371682,0.41117236,0.2902523,0.12092006,30.0,31.0
Y2025_0127,0,h,baresoil,burned area,0.45091182,0.38031453,0.07059729,0.36379018,0.08634298,0.2774472,0.45091182,0.38031453,0.07059729,0.36379018,0.08634298,0.2774472,0.3834124,0.08634298,0.2970694,0.36262515,0.06409001,0.29853514,0.45091182,0.38031453,0.07059729,0.36379018,0.094490826,0.26929936,31.0,31.0
Y2025_0003,1,h,Jhum,cleared 2025_01,0.47205883,0.18685749,0.28520134,0.4589443,-0.13267405,0.59161836,0.46918827,0.17083071,0.29835755,0.4589443,-0.11942425,0.57836854,0.45739678,-0.10617445,0.5635712,0.42578673,-0.23558971,0.6613765,0.47205883,0.21263123,0.2594276,0.46275496,-0.23537908,0.69813406,30.0,36.0
Y2025_0002,1,h,jhum,cleared 2025_01,0.39107832,-0.063957766,0.4550361,0.35294482,-0.19905387,0.5519987,0.3919253,-0.063957766,0.4558831,0.3736741,-0.19905387,0.572728,0.3736741,-0.19078377,0.5644579,0.29629627,-0.2149871,0.5112834,0.3919253,-0.063957766,0.4558831,0.3736741,-0.19905387,0.572728,26.0,32.0
Y2025_0011,1,h,jhum,cleared 2025_01,0.4990628,-0.08091826,0.5799811,0.47691512,-0.23277268,0.7096878,0.49871245,-0.08091826,0.57963073,0.45959952,-0.23277268,0.6923722,0.47691512,-0.16960484,0.64651996,0.4150193,-0.23550041,0.6505197,0.50650173,-0.07476634,0.5812681,0.47853693,-0.23277268,0.7113096,30.0,32.0
Y2025_0324,0,h,bareland,dry-season leaf-off around,0.12621363,0.17014773,-0.043934107,0.0774318,0.07692306,5.0874054E-4,0.12778912,0.17014773,-0.042358607,0.084606886,0.07692306,0.0076838285,0.09178198,0.07692306,0.014858924,0.05818968,0.040384084,0.017805595,0.1245788,0.12188491,0.002693884,0.0774318,0.05315756,0.024274237,28.0,35.0
Y2025_0101,0,h,forest,dry-season leaf-off around,0.25630596,0.22462563,0.03168033,0.18803214,0.076312006,0.11172013,0.27670604,0.22462563,0.052080408,0.18803214,0.08961745,0.09841468,0.18803214,0.08961745,0.09841468,0.14432989,0.048697025,0.095632866,0.25630596,0.20953502,0.046770945,0.17593314,0.076312006,0.09962113,29.0,30.0
Y2025_0112,0,h,forest,dry-season leaf-off around,0.5264355,0.55840373,-0.031968236,0.42354938,0.41647637,0.007073015,0.5264355,0.5335501,-0.007114589,0.4343221,0.42299798,0.011324108,0.42354938,0.42299798,5.5140257E-4,0.38372734,0.36281112,0.020916224,0.534581,0.55840373,-0.023822725,0.44509482,0.40995476,0.035140067,19.0,30.0
Y2025_0219,0,h,forest,dry-season leaf-off around,0.41643175,0.48574388,-0.069312125,0.2681178,0.41250604,-0.14438826,0.41643175,0.4668777,-0.050445944,0.2681178,0.41250604,-0.14438826,0.30706075,0.4387829,-0.13172215,0.24006289,0.39375585,-0.15369296,0.4428203,0.4923065,-0.04948619,0.30706075,0.41250604,-0.105445296,23.0,31.0
Y2025_0223,0,h,forest,dry-season leaf-off around,0.42709798,0.35733664,0.069761336,0.40458697,0.04783951,0.35674745,0.42709798,0.35805953,0.06903845,0.3842872,0.04783951,0.3364477,0.36398748,0.04783951,0.31614795,0.3167702,0.013544037,0.30322617,0.47555244,0.36667037,0.10888207,0.40862226,0.038587134,0.37003514,50.0,60.0
Y2025_0250,0,h,forest,dry-season leaf-off around,0.4407513,0.3744702,0.06628111,0.38831607,0.3413859,0.046930164,0.43880925,0.3759303,0.06287894,0.38447145,0.3413859,0.043085545,0.38831607,0.3550908,0.033225268,0.38375723,0.31608772,0.06766951,0.4407513,0.3759303,0.064821005,0.38831607,0.32768103,0.06063503,23.0,33.0
Y2025_0272,0,h,forest,dry-season leaf-off around,0.52181953,0.53483313,-0.013013601,0.48166546,0.5069162,-0.025250763,0.51173705,0.53483313,-0.023096085,0.48275122,0.5069162,-0.024165004,0.48166546,0.5082267,-0.02656123,0.47000894,0.4813655,-0.011356562,0.5301455,0.54646355,-0.016318023,0.48275122,0.50757146,-0.024820238,33.0,32.0
Y2025_0290,0,h,forest,dry-season leaf-off around,0.34152958,0.32195604,0.01957354,0.21825992,0.12268639,0.09557352,0.3448276,0.32195604,0.022871554,0.21825992,0.12268639,0.09557352,0.20237248,0.15779689,0.044575587,0.1766415,0.1141159,0.06252559,0.35074627,0.34797567,0.0027706027,0.23414735,0.118018,0.11612935,30.0,34.0
Y2025_0318,0,h,forest,dry-season leaf-off around,0.36620754,0.33633903,0.029868513,0.26104757,0.12688406,0.13416351,0.37701762,0.30612245,0.070895165,0.2794376,0.13944204,0.13999556,0.2794376,0.15200001,0.12743759,0.22503476,0.09663062,0.12840414,0.35539746,0.33633903,0.019058436,0.26104757,0.12688406,0.13416351,26.0,35.0
Y2025_0333,0,h,forest,dry-season leaf-off around,0.54198474,0.49070996,0.051274776,0.51523966,0.2822947,0.23294497,0.54198474,0.49070996,0.051274776,0.51523966,0.2822947,0.23294497,0.52242196,0.3090065,0.21341544,0.46441096,-0.02144921,0.48586017,0.5403315,0.5302014,0.010130107,0.51523966,0.27209744,0.24314222,27.0,33.0
Y2025_0340,0,h,forest,dry-season leaf-off around,0.56403995,0.5315621,0.032477856,0.42644283,0.50452155,-0.07807872,0.58524925,0.5231348,0.062114418,0.42644283,0.50383514,-0.07739231,0.433518,0.5108921,-0.0773741,0.39719418,0.50314873,-0.10595456,0.58524925,0.5486074,0.036641836,0.41936767,0.50452155,-0.08515388,33.0,35.0
Y2025_0342,0,h,forest,dry-season leaf-off around,0.4907793,0.49259704,-0.001817733,0.41688183,0.41801125,-0.0011294186,0.49498183,0.46707043,0.027911395,0.41688183,0.3985961,0.018285722,0.4209892,0.41801125,0.0029779375,0.41025642,0.3936874,0.016569018,0.4996514,0.49259704,0.0070543587,0.4250965,0.3985961,0.026500404,32.0,36.0
Y2025_0355,0,h,forest,dry-season leaf-off around,0.6193982,0.5976715,0.021726668,0.6055357,0.5196585,0.08587718,0.6096491,0.5578584,0.051790714,0.5593288,0.51625395,0.043074846,0.5593288,0.5203965,0.038932323,0.5277084,0.5167048,0.0110036135,0.6220414,0.58279353,0.03924787,0.61284554,0.5196585,0.093187034,62.0,58.0
Y2025_0365,0,h,forest,dry-season leaf-off around,0.5311688,-0.024736328,0.55590516,0.4581018,-0.061139498,0.51924133,0.5309485,-0.016718606,0.54766715,0.4581018,-0.059938148,0.51803994,0.4581018,-0.061139498,0.51924133,0.4388807,-0.07531294,0.51419365,0.5311688,-0.024736328,0.55590516,0.49977094,-0.061139498,0.56091046,27.0,32.0
Y2025_0389,0,h,forest,dry-season leaf-off around,0.19111918,0.12772466,0.06339452,0.13134925,-0.07229896,0.20364821,0.17594966,0.12772466,0.048225,0.13134925,-0.07229896,0.20364821,0.13134925,-0.07229896,0.20364821,0.10792971,-0.11859982,0.22652952,0.20628868,0.12772466,0.07856402,0.1371032,-0.07229896,0.20940216,30.0,30.0
Y2025_0392,0,h,forest,dry-season leaf-off around,0.054534715,0.07757192,-0.023037206,0.01809076,-0.07945203,0.09754279,0.066106915,0.08167938,-0.015572466,0.019967208,-0.07945203,0.099419236,0.019254394,-0.06786705,0.08712144,-0.0010929147,-0.14178264,0.14068973,0.054492727,0.06780133,-0.0133086,0.01809076,-0.07945203,0.09754279,52.0,58.0
Y2025_0396,0,h,forest,dry-season leaf-off around,0.23516485,0.11961117,0.115553685,0.19614714,0.071286686,0.12486046,0.2668342,0.13905929,0.12777491,0.19435854,0.071286686,0.12307186,0.19614714,0.071286686,0.12486046,0.19066727,0.037603036,0.15306424,0.23516485,0.11961117,0.115553685,0.19614714,0.0623577,0.13378945,28.0,33.0
Y2025_0398,0,h,forest,dry-season leaf-off around,0.34684905,0.30326787,0.043581188,0.28528914,0.20487268,0.080416456,0.3145393,0.30326787,0.011271447,0.27690268,0.20487268,0.07202999,0.28528914,0.20487268,0.080416456,0.14498143,0.014705866,0.13027556,0.35989833,0.27907535,0.080822974,0.26380312,0.13651595,0.12728718,24.0,28.0
Y2025_0048,0,h,fallow,last year cleared,0.36081916,0.39553753,-0.034718364,0.31428573,0.33855894,-0.024273217,0.3910918,0.39553753,-0.0044457316,0.3324411,0.34522736,-0.012786269,0.3324411,0.35189575,-0.019454658,0.29208562,0.3293413,-0.037255675,0.3910918,0.39553753,-0.0044457316,0.31428573,0.33855894,-0.024273217,26.0,31.0
Y2025_0049,0,h,fallow,last year cleared,0.29259259,0.4636404,-0.1710478,0.27190033,0.41676843,-0.1448681,0.2928601,0.45928085,-0.16642076,0.27190033,0.41676843,-0.1448681,0.26990217,0.4306122,-0.16071004,0.255804,0.39009842,-0.13429442,0.2931276,0.45636111,-0.16323352,0.2628531,0.39434612,-0.13149303,32.0,35.0
Y2025_0104,0,h,forest,neaby is jhum,0.47509348,0.18496014,0.29013336,0.42296833,-0.13412176,0.5570901,0.4515888,0.17982534,0.27176347,0.42296833,-0.13412176,0.5570901,0.42296833,-0.13412176,0.5570901,0.38623425,-0.234208,0.6204423,0.48372,0.49509332,-0.011373311,0.44927534,-0.2163156,0.66559094,30.0,32.0
Y2025_0229,0,h,forest,neaby is jhum,0.33596173,0.4327319,-0.09677017,0.3055116,0.31528792,-0.009776324,0.33956918,0.38297874,-0.043409556,0.3055116,0.3208211,-0.015309513,0.30227998,0.3332467,-0.030966729,0.2837838,0.27073374,0.01305005,0.3985455,0.4529667,-0.054421186,0.33149862,0.3097547,0.021743923,29.0,31.0
Y2025_0015,0,h,forest,nearby bareland,0.49535096,0.48736998,0.0079809725,0.46189737,0.43540433,0.026493043,0.49535096,0.48736998,0.0079809725,0.46189737,0.4386219,0.023275465,0.46189737,0.4386219,0.023275465,0.42949837,0.4164374,0.013060987,0.5112389,0.49938792,0.011850953,0.45934677,0.42801502,0.031331748,27.0,34.0
Y2025_0016,0,h,forest,nearby bareland,0.44873798,0.3330361,0.115701884,0.41255862,0.28133336,0.13122526,0.44873798,0.3330361,0.115701884,0.41255862,0.28133336,0.13122526,0.41137812,0.28133336,0.13004476,0.38902465,0.26096123,0.12806341,0.44873798,0.3354411,0.11329687,0.41137812,0.27459526,0.13678285,31.0,37.0
Y2025_0054,0,h,forest,nearby is jhum,0.4589353,0.44229907,0.016636223,0.44718713,0.400239,0.046948135,0.45394737,0.43766463,0.016282737,0.44540942,0.400239,0.045170426,0.44718713,0.400239,0.046948135,0.42638847,0.39958498,0.026803493,0.4589353,0.43766463,0.021270663,0.44718713,0.400239,0.046948135,25.0,29.0
Y2025_0097,0,h,forest,nearby is jhum,0.17142856,0.16460606,0.0068224967,0.105355725,0.08617131,0.019184418,0.19240773,0.20038953,-0.007981807,0.105355725,0.0907065,0.014649227,0.10621147,0.0907065,0.015504971,0.100803666,0.077053346,0.02375032,0.15358067,0.16004366,-0.0064629912,0.103167765,0.08489263,0.018275134,64.0,68.0
Y2025_0040,0,h,bareland,nearby jhum,0.3286591,0.22678842,0.10187067,0.27892566,-0.23544487,0.51437056,0.32587636,0.22678842,0.09908794,0.27133626,-0.22255638,0.49389264,0.27892566,-0.22255638,0.501482,0.13113251,-0.25084063,0.38197315,0.32949808,0.22495076,0.10454732,0.2894202,-0.24833335,0.5377535,28.0,35.0
Y2025_0301,0,h,forest,nearby jhum,0.48025638,0.4590487,0.02120769,0.46325877,0.41892812,0.044330657,0.48157895,0.44701988,0.03455907,0.46853736,0.41792083,0.050616533,0.46153846,0.4199354,0.04160306,0.4571949,0.3965119,0.060682982,0.48157895,0.46513298,0.016445965,0.4760474,0.41792083,0.05812657,50.0,62.0
Y2025_0306,0,h,fallow,old fallow,0.3912833,0.14777277,0.24351053,0.032706704,-0.09285715,0.12556386,0.3655914,0.14777277,0.21781863,0.17652452,-0.09285715,0.26938167,-0.111111104,-0.09285715,-0.018253952,-0.19848868,-0.16900468,-0.029484004,0.3912833,0.14777277,0.24351053,-0.111111104,-0.09285715,-0.018253952,31.0,33.0
Y2025_0307,0,h,fallow,old fallow,0.20574948,0.4470413,-0.24129182,-0.011592419,0.39995036,-0.41154277,0.20574948,0.46122858,-0.2554791,-0.0031521004,0.39995036,-0.40310246,-0.0031521004,0.4028005,-0.4059526,-0.020754168,0.3965063,-0.41726047,0.23561239,0.4470413,-0.21142891,-0.011592419,0.3971002,-0.40869263,31.0,32.0
Y2025_0317,0,h,fallow,old fallow,0.4730656,0.38772255,0.08534306,0.43065694,0.30334884,0.1273081,0.4730656,0.38772255,0.08534306,0.43349904,0.31133828,0.12216076,0.43065694,0.30334884,0.1273081,0.41455078,0.29313824,0.121412545,0.4718723,0.38686132,0.085010976,0.43065694,0.3021874,0.12846953,31.0,37.0
Y2025_0356,0,h,fallow,old fallow,-0.044930108,0.11070159,-0.15563169,-0.15851691,0.065370716,-0.22388762,-0.03903752,0.11216302,-0.15120053,-0.15851691,0.065370716,-0.22388762,-0.16478509,0.06287623,-0.22766131,-0.17029633,0.021132039,-0.19142836,-0.032872345,0.10837752,-0.14124987,-0.044930108,0.06007525,-0.10500535,44.0,62.0
Y2025_0383,0,h,fallow,old fallow,0.6066372,0.6159839,-0.009346724,0.5749222,0.546759,0.028163195,0.6066372,0.6159839,-0.009346724,0.5749222,0.55060464,0.024317563,0.5749222,0.54495955,0.029962659,0.5509178,0.5117219,0.039195895,0.61658216,0.61604226,5.398989E-4,0.5749222,0.54495955,0.029962659,31.0,34.0
Y2025_0134,0,h,fallow,one year fallow,0.29825366,0.3437592,-0.045505553,0.053485956,0.26016492,-0.20667896,0.29825366,0.3437592,-0.045505553,0.053485956,0.26016492,-0.20667896,0.053485956,0.27123353,-0.21774757,-0.06216422,0.22837378,-0.290538,0.29692203,0.37354988,-0.07662785,0.017259067,0.24073017,-0.2234711,22.0,31.0
Y2025_0161,0,h,fallow,one year fallow,0.30058083,0.3073731,-0.006792277,0.25166294,0.2706806,-0.019017667,0.30058083,0.3073731,-0.006792277,0.25166294,0.2706806,-0.019017667,0.25166294,0.27148846,-0.019825518,0.23577237,0.24260403,-0.006831661,0.30058083,0.3006303,-4.9471855E-5,0.25166294,0.2706806,-0.019017667,26.0,32.0
Y2025_0171,0,h,fallow,one year fallow,0.31213495,0.40785497,-0.09572002,0.2621885,0.3425356,-0.08034709,0.31317583,0.4013699,-0.08819407,0.2621885,0.3429817,-0.0807932,0.26483908,0.3425356,-0.0776965,0.24769168,0.32520628,-0.077514604,0.31109408,0.3958771,-0.08478302,0.26007605,0.3410603,-0.080984265,127.0,130.0
Y2025_0202,0,h,fallow,one year fallow,0.41223192,0.29552236,0.11670956,0.16465719,0.2625397,-0.097882524,0.41223192,0.29552236,0.11670956,0.16465719,0.2625397,-0.097882524,0.16465719,0.24652597,-0.08186878,0.105007,0.24652597,-0.14151898,0.41223192,0.29342377,0.11880815,0.16465719,0.2625397,-0.097882524,27.0,29.0
Y2025_0199,0,h,fallow,young fallow,0.15146716,0.15338825,-0.0019210875,0.10312346,0.13526562,-0.032142155,0.15679443,0.15357368,0.0032207519,0.10317,0.13574955,-0.03257955,0.10317,0.13574955,-0.03257955,0.077710204,0.09542903,-0.01771883,0.1461399,0.15287648,-0.0067365766,0.10312346,0.13478167,-0.03165821,58.0,58.0
Y2025_0370,0,h,fallow,young fallow,0.094766065,0.1818652,-0.087099135,-0.03053026,-0.10687019,0.07633993,0.11992854,0.1818652,-0.06193666,-0.010198253,-0.10687019,0.09667194,-0.03053026,-0.10687019,0.07633993,-0.06619782,-0.12773068,0.061532862,0.13727596,0.17960124,-0.042325273,0.030235535,-0.123294696,0.15353023,25.0,33.0
Y2025_0283,0,m,bareland,cloud cover during march,0.40084043,0.15796609,0.24287434,0.3170605,0.03589739,0.2811631,0.40084043,0.16113582,0.23970461,0.3170605,0.03724433,0.27981618,0.31201863,0.038591273,0.27342737,0.303561,-0.032798845,0.33635986,0.4521907,0.1516172,0.3005735,0.30697677,0.034363303,0.27261347,60.0,58.0
Y2025_0160,0,m,bareland/forest,baresoil,0.5306746,0.006438748,0.52423584,0.50142103,-0.06296652,0.56438756,0.53638995,0.013165436,0.52322453,0.50142103,-0.06296652,0.56438756,0.50142103,-0.06296652,0.56438756,0.48598856,-0.08757297,0.57356155,0.54609245,0.006438748,0.5396537,0.5249592,-0.08447142,0.6094306,25.0,30.0
Y2025_0344,0,m,baresoil,point lies nearby forest fire and nearby jhum,0.23433174,0.1392771,0.09505464,0.19742793,-0.054413527,0.25184146,0.23433174,0.1392771,0.09505464,0.19742793,-0.054413527,0.25184146,0.19742793,-0.054413527,0.25184146,0.16184022,-0.13298927,0.2948295,0.23418143,0.17898786,0.055193573,0.19742793,-0.054413527,0.25184146,27.0,30.0
Y2025_0203,0,m,forest,dry-season leaf-off around; jhum patches nearby; Aug cloudy,0.28243935,0.21092373,0.07151562,0.22368109,0.17089204,0.052789047,0.28243935,0.2170176,0.065421745,0.22368109,0.17089204,0.052789047,0.23143779,0.17089204,0.060545743,0.2103718,0.15366204,0.056709766,0.28732684,0.2170176,0.07030924,0.22368109,0.17089204,0.052789047,31.0,30.0
Y2025_0147,1,m,jhum,near riverbank,0.5825042,0.147901,0.4346032,0.56386787,-0.014619113,0.578487,0.5825042,0.16586934,0.41663486,0.55402297,-0.0043467116,0.5583697,0.56386787,-0.0043467116,0.5682146,0.55185986,-0.06804794,0.6199078,0.5825042,0.147901,0.4346032,0.56386787,-0.014619113,0.578487,29.0,36.0
Y2025_0331,1,m,jhum,2025_01_cleared,0.42370892,0.21022119,0.21348773,0.46979722,0.046114966,0.42368227,0.41716057,0.21022119,0.20693938,0.46657252,0.06426057,0.40231195,0.38277313,0.06923219,0.31354094,0.4633478,0.028264334,0.43508345,0.41716057,0.21043631,0.20672426,0.4755538,0.046114966,0.42943883,32.0,34.0
Y2025_0004,0,m,bareland,,0.27332065,0.041313887,0.23200676,0.16999434,0.01673538,0.15325896,0.27332065,0.05045275,0.22286789,0.16999434,0.0190651,0.15092924,0.16775407,0.01673538,0.1510187,0.16633858,0.0026205503,0.16371803,0.27332065,0.040849477,0.23247117,0.16821255,0.012024561,0.15618798,50.0,62.0
Y2025_0032,0,m,fallow,,0.49587673,0.4717943,0.024082422,0.46186438,0.40299255,0.058871835,0.49684313,0.46556765,0.03127548,0.46186438,0.3713862,0.09047818,0.46186438,0.41684985,0.04501453,0.45808777,0.35955054,0.09853724,0.49821,0.47245923,0.025750786,0.4633205,0.3713862,0.09193429,46.0,66.0
Y2025_0212,0,m,forest,,0.113347426,0.31796607,-0.20461865,0.113356754,0.34749156,-0.23413481,0.113356754,0.31796607,-0.20460932,0.14989871,0.3532776,-0.20337889,0.0807642,0.108023964,-0.027259767,0.0807642,0.31796607,-0.23720187,0.113347426,0.31796607,-0.20461865,0.113356754,0.34749156,-0.23413481,26.0,35.0
Y2025_0233,0,m,forest,,0.28049463,-0.027494919,0.30798954,0.13587873,-0.115443416,0.25132215,0.2669369,-0.027494919,0.2944318,0.13471656,-0.115443416,0.25015998,0.13587873,-0.115443416,0.25132215,0.110132165,-0.16589701,0.27602917,0.28350165,-0.027494919,0.31099656,0.18740891,-0.115443416,0.30285233,24.0,34.0
Y2025_0262,0,m,forest,,0.32374454,0.25499097,0.06875357,0.05935855,-0.1635532,0.22291175,0.35386786,0.2741702,0.07969767,0.05935855,-0.1635532,0.22291175,0.05935855,-0.1328054,0.19216396,-0.13031918,-0.24438825,0.114069074,0.35386786,0.25499097,0.09887689,0.0023467753,-0.18723172,0.18957849,25.0,32.0
Y2025_0109,1,m,jhum,,0.4507315,-0.03064788,0.48137936,0.40599215,-0.13642138,0.54241353,0.45107752,-0.011409389,0.46248692,0.40599215,-0.124819,0.53081113,0.40438083,-0.124819,0.52919984,0.36019164,-0.20236337,0.562555,0.5076182,-0.011409389,0.5190276,0.41435406,-0.16953589,0.58388996,54.0,70.0
Y2025_0235,1,m,jhum,,0.5284422,0.3197694,0.20867279,0.47204274,0.16456898,0.30747378,0.50380224,0.3197694,0.18403283,0.4682453,0.16456898,0.3036763,0.47204274,0.18843995,0.28360277,0.45327765,0.087066785,0.36621088,0.5418327,0.33963418,0.2021985,0.4682453,0.18843995,0.27980536,34.0,30.0
Y2025_0253,1,m,jhum,,0.53888196,-0.012101648,0.5509836,0.45027685,-0.089126565,0.53940344,0.53888196,0.024241176,0.5146408,0.45027685,-0.089126565,0.53940344,0.45027685,-0.079458244,0.5297351,0.41069928,-0.09324525,0.5039445,0.547928,-0.012101648,0.5600296,0.46543068,-0.089126565,0.55455726,24.0,33.0
Y2025_0258,1,m,jhum,,0.524776,0.12904836,0.39572763,0.49999997,-0.027751446,0.52775145,0.52033585,0.15893115,0.36140472,0.48259956,-0.027212115,0.5098117,0.49999997,-0.027212115,0.5272121,0.45968762,-0.03458284,0.49427044,0.52836967,0.12904836,0.39932132,0.50028634,-0.028290777,0.5285771,32.0,36.0
Y2025_0263,1,m,jhum,,0.42649946,0.10193554,0.32456392,0.3729594,0.023085598,0.3498738,0.40596497,0.10321101,0.30275396,0.3729594,0.06536963,0.30758977,0.3729594,0.06536963,0.30758977,0.3671783,0.022948774,0.34422952,0.44713262,0.34178784,0.10534477,0.37176222,0.023085598,0.34867662,32.0,34.0
Y2025_0302,1,m,jhum,,0.27201736,0.31295714,-0.040939778,0.19848949,0.21447137,-0.015981883,0.2835259,0.31295714,-0.029431224,0.20833565,0.21447137,-0.006135717,0.19848949,0.22039886,-0.021909371,0.18933733,0.20593369,-0.016596362,0.2835259,0.3136435,-0.030117571,0.20833565,0.21447137,-0.006135717,30.0,34.0
Y2025_0345,1,m,jhum,,0.5746064,-0.17710494,0.75171137,0.5395052,-0.25698495,0.79649013,0.5772937,-0.17421603,0.7515097,0.5395052,-0.252952,0.7924572,0.5395052,-0.24891907,0.78842425,0.5181728,-0.30222225,0.82039505,0.5863896,-0.17710494,0.76349455,0.54086953,-0.25698495,0.7978545,58.0,66.0
Y2025_0205,0,m,forest,dry-season leaf-off around,0.4655089,0.2860262,0.1794827,0.40220076,0.24189363,0.16030712,0.4655089,0.30151907,0.16398984,0.4016667,0.24189363,0.15977307,0.40220076,0.2419508,0.16024996,0.4011326,0.23134129,0.16979133,0.48063898,0.2860262,0.19461277,0.42000878,0.24189363,0.17811514,31.0,28.0
Y2025_0207,0,m,forest,dry-season leaf-off around,0.38164133,0.14797261,0.23366871,0.30770397,0.06373862,0.24396536,0.38219655,0.14844874,0.23374781,0.28212255,0.06373862,0.21838394,0.33198845,0.064045556,0.2679429,0.21133474,0.033462644,0.17787209,0.38219655,0.14797261,0.23422393,0.33198845,0.06373862,0.26824984,54.0,52.0
Y2025_0213,0,m,forest,dry-season leaf-off around,0.4736708,0.42089424,0.052776575,0.43730634,0.38541317,0.051893175,0.4675232,0.42089424,0.046628952,0.43730634,0.39590856,0.04139778,0.43730634,0.4131933,0.024113059,0.41294393,0.3683227,0.04462123,0.48911336,0.42953432,0.059579045,0.431751,0.38541317,0.046337843,27.0,34.0
Y2025_0215,0,m,forest,dry-season leaf-off around,0.47793695,0.40479273,0.07314423,0.42529285,0.36623833,0.059054524,0.47116992,0.42109495,0.050074965,0.42529285,0.36623833,0.059054524,0.42529285,0.36623833,0.059054524,0.41157106,0.33654118,0.07502988,0.47793695,0.40479273,0.07314423,0.43924412,0.34070292,0.0985412,28.0,36.0
Y2025_0216,0,m,forest,dry-season leaf-off around,0.20924746,0.11540565,0.093841806,0.19041859,0.047601696,0.14281689,0.25266132,0.122290075,0.13037124,0.19041859,0.047601696,0.14281689,0.19041859,0.051316034,0.13910255,0.14698054,0.034631334,0.112349205,0.20924746,0.10852122,0.10072623,0.17026165,0.047601696,0.12265995,29.0,34.0
Y2025_0228,0,m,forest,dry-season leaf-off around,0.4503584,0.4232153,0.027143091,0.4009123,0.35628226,0.04463005,0.4537376,0.4232153,0.030522287,0.4009123,0.36773703,0.03317529,0.4009123,0.37919176,0.021720558,0.3842167,0.3267695,0.057447195,0.4537376,0.4232153,0.030522287,0.41337782,0.35628226,0.057095557,26.0,34.0
Y2025_0254,0,m,forest,dry-season leaf-off around,0.28511965,0.09094873,0.19417092,0.26447827,-0.22048998,0.48496825,0.28516626,0.09094873,0.19421753,0.27284428,-0.22048998,0.49333426,0.26447827,-0.22048998,0.48496825,0.26426953,-0.2469167,0.51118624,0.29183778,0.09094873,0.20088905,0.2643739,-0.23669429,0.5010682,26.0,35.0
Y2025_0286,0,m,forest,dry-season leaf-off around,0.3102246,0.2678602,0.04236439,0.20916592,0.1652974,0.043868512,0.3102246,0.2678602,0.04236439,0.21726306,0.1652974,0.051965654,0.22536021,0.20392878,0.021431431,0.17573439,0.08452176,0.09121262,0.27828985,0.2678602,0.010429651,0.20916592,0.12801436,0.08115156,22.0,31.0
Y2025_0304,0,m,forest,dry-season leaf-off around,0.47990105,0.46011722,0.019783825,0.44560793,0.3408565,0.10475144,0.48140538,0.40582526,0.07558012,0.44560793,0.36025208,0.08535585,0.44560793,0.363253,0.08235493,0.43085882,0.33070457,0.10015425,0.47990105,0.458474,0.021427035,0.44863212,0.34083056,0.10780156,28.0,37.0
Y2025_0311,0,m,forest,dry-season leaf-off around,0.16774975,0.07205166,0.09569809,0.075588025,-0.058856085,0.13444412,0.16920733,0.10331571,0.06589162,0.075588025,-0.058856085,0.13444412,0.10095321,-0.0408346,0.1417878,0.06968122,-0.0808314,0.15051262,0.16629215,0.10331571,0.062976435,0.075588025,-0.0408346,0.11642262,33.0,33.0
Y2025_0335,0,m,forest,dry-season leaf-off around,0.46761736,0.39785165,0.06976572,0.39005524,0.036900245,0.353155,0.46761736,0.36951894,0.09809843,0.39005524,0.03288978,0.35716546,0.39005524,0.04091071,0.34914452,0.32144815,0.005533218,0.31591493,0.45906177,0.39785165,0.061210126,0.39005524,0.036900245,0.353155,27.0,31.0
Y2025_0234,0,m,fallow,one year fallow,0.49624062,0.44554454,0.050696075,0.46316427,0.11994946,0.3432148,0.48581377,0.44554454,0.040269226,0.46316427,0.12598176,0.33718252,0.46292776,0.12598176,0.336946,0.46224257,0.08719181,0.37505075,0.48692328,0.4400437,0.04687959,0.46292776,0.11137659,0.35155118,64.0,61.0
